Month,Keyword status,Keyword,Max. CPC,Interactions,Interaction rate,Avg. cost,Cost,Impressions,Clicks,Conv. rate,Conversions,Avg. CPC,Cost / conv.
Oct-25,Paused,"""competitive price analytics""",15,0, --,0,0,0,0,0.00%,0,0,0
Nov-25,Paused,"""competitive price analytics""",15,0, --,0,0,0,0,0.00%,0,0,0
Dec-25,Paused,"""competitive price analytics""",15,0, --,0,0,0,0,0.00%,0,0,0
Jan-26,Paused,"""competitive price analytics""",15,0, --,0,0,0,0,0.00%,0,0,0
Feb-26,Paused,"""competitive price analytics""",15,0, --,0,0,0,0,0.00%,0,0,0
Mar-26,Paused,"""competitive price analytics""",15,0, --,0,0,0,0,0.00%,0,0,0
Oct-25,Paused,"""automated pricing engine""",15,0, --,0,0,0,0,0.00%,0,0,0
Nov-25,Paused,"""automated pricing engine""",15,0, --,0,0,0,0,0.00%,0,0,0
Dec-25,Paused,"""automated pricing engine""",15,0, --,0,0,0,0,0.00%,0,0,0
Jan-26,Paused,"""automated pricing engine""",15,0, --,0,0,0,0,0.00%,0,0,0
Feb-26,Paused,"""automated pricing engine""",15,0, --,0,0,0,0,0.00%,0,0,0
Mar-26,Paused,"""automated pricing engine""",15,0, --,0,0,0,0,0.00%,0,0,0
Oct-25,Paused,"""enterprise price monitoring""",15,0, --,0,0,0,0,0.00%,0,0,0
Nov-25,Paused,"""enterprise price monitoring""",15,0, --,0,0,0,0,0.00%,0,0,0
Dec-25,Paused,"""enterprise price monitoring""",15,0, --,0,0,0,0,0.00%,0,0,0
Jan-26,Paused,"""enterprise price monitoring""",15,0, --,0,0,0,0,0.00%,0,0,0
Feb-26,Paused,"""enterprise price monitoring""",15,0, --,0,0,0,0,0.00%,0,0,0
Mar-26,Paused,"""enterprise price monitoring""",15,0, --,0,0,0,0,0.00%,0,0,0
Oct-25,Paused,"""omnichannel pricing system""",15,0, --,0,0,0,0,0.00%,0,0,0
Nov-25,Paused,"""omnichannel pricing system""",15,0, --,0,0,0,0,0.00%,0,0,0
Dec-25,Paused,"""omnichannel pricing system""",15,0, --,0,0,0,0,0.00%,0,0,0
Jan-26,Paused,"""omnichannel pricing system""",15,0, --,0,0,0,0,0.00%,0,0,0
Feb-26,Paused,"""omnichannel pricing system""",15,0, --,0,0,0,0,0.00%,0,0,0
Mar-26,Paused,"""omnichannel pricing system""",15,0, --,0,0,0,0,0.00%,0,0,0
Oct-25,Paused,"""price elasticity system""",15,0, --,0,0,0,0,0.00%,0,0,0
Nov-25,Paused,"""price elasticity system""",15,0, --,0,0,0,0,0.00%,0,0,0
Dec-25,Paused,"""price elasticity system""",15,0, --,0,0,0,0,0.00%,0,0,0
Jan-26,Paused,"""price elasticity system""",15,0, --,0,0,0,0,0.00%,0,0,0
Feb-26,Paused,"""price elasticity system""",15,0, --,0,0,0,0,0.00%,0,0,0
Mar-26,Paused,"""price elasticity system""",15,0, --,0,0,0,0,0.00%,0,0,0
Oct-25,Paused,"""algorithmic pricing system""",15,0, --,0,0,0,0,0.00%,0,0,0
Nov-25,Paused,"""algorithmic pricing system""",15,0, --,0,0,0,0,0.00%,0,0,0
Dec-25,Paused,"""algorithmic pricing system""",15,0, --,0,0,0,0,0.00%,0,0,0
Jan-26,Paused,"""algorithmic pricing system""",15,0, --,0,0,0,0,0.00%,0,0,0
Feb-26,Paused,"""algorithmic pricing system""",15,0, --,0,0,0,0,0.00%,0,0,0
Mar-26,Paused,"""algorithmic pricing system""",15,0, --,0,0,0,0,0.00%,0,0,0
Oct-25,Paused,"""markdown pricing system""",15,0, --,0,0,0,0,0.00%,0,0,0
Nov-25,Paused,"""markdown pricing system""",15,0, --,0,0,0,0,0.00%,0,0,0
Dec-25,Paused,"""markdown pricing system""",15,0, --,0,0,0,0,0.00%,0,0,0
Jan-26,Paused,"""markdown pricing system""",15,0, --,0,0,0,0,0.00%,0,0,0
Feb-26,Paused,"""markdown pricing system""",15,0, --,0,0,0,0,0.00%,0,0,0
Mar-26,Paused,"""markdown pricing system""",15,0, --,0,0,0,0,0.00%,0,0,0
Oct-25,Paused,"""algorithmic pricing tools""",15,0, --,0,0,0,0,0.00%,0,0,0
Nov-25,Paused,"""algorithmic pricing tools""",15,0, --,0,0,0,0,0.00%,0,0,0
Dec-25,Paused,"""algorithmic pricing tools""",15,0, --,0,0,0,0,0.00%,0,0,0
Jan-26,Paused,"""algorithmic pricing tools""",15,0, --,0,0,0,0,0.00%,0,0,0
Feb-26,Paused,"""algorithmic pricing tools""",15,0, --,0,0,0,0,0.00%,0,0,0
Mar-26,Paused,"""algorithmic pricing tools""",15,0, --,0,0,0,0,0.00%,0,0,0
Oct-25,Paused,"""algorithmic pricing platform""",15,0, --,0,0,0,0,0.00%,0,0,0
Nov-25,Paused,"""algorithmic pricing platform""",15,0, --,0,0,0,0,0.00%,0,0,0
Dec-25,Paused,"""algorithmic pricing platform""",15,0, --,0,0,0,0,0.00%,0,0,0
Jan-26,Paused,"""algorithmic pricing platform""",15,0, --,0,0,0,0,0.00%,0,0,0
Feb-26,Paused,"""algorithmic pricing platform""",15,0, --,0,0,0,0,0.00%,0,0,0
Mar-26,Paused,"""algorithmic pricing platform""",15,0, --,0,0,0,0,0.00%,0,0,0
Oct-25,Paused,"""markdown pricing engine""",15,0, --,0,0,0,0,0.00%,0,0,0
Nov-25,Paused,"""markdown pricing engine""",15,0, --,0,0,0,0,0.00%,0,0,0
Dec-25,Paused,"""markdown pricing engine""",15,0, --,0,0,0,0,0.00%,0,0,0
Jan-26,Paused,"""markdown pricing engine""",15,0, --,0,0,0,0,0.00%,0,0,0
Feb-26,Paused,"""markdown pricing engine""",15,0, --,0,0,0,0,0.00%,0,0,0
Mar-26,Paused,"""markdown pricing engine""",15,0, --,0,0,0,0,0.00%,0,0,0
Oct-25,Paused,"""retail pricing engine""",15,0, --,0,0,0,0,0.00%,0,0,0
Nov-25,Paused,"""retail pricing engine""",15,0, --,0,0,0,0,0.00%,0,0,0
Dec-25,Paused,"""retail pricing engine""",15,0, --,0,0,0,0,0.00%,0,0,0
Jan-26,Paused,"""retail pricing engine""",15,0, --,0,0,0,0,0.00%,0,0,0
Feb-26,Paused,"""retail pricing engine""",15,0, --,0,0,0,0,0.00%,0,0,0
Mar-26,Paused,"""retail pricing engine""",15,0, --,0,0,0,0,0.00%,0,0,0
Oct-25,Paused,"""omnichannel pricing engine""",15,0, --,0,0,0,0,0.00%,0,0,0
Nov-25,Paused,"""omnichannel pricing engine""",15,0, --,0,0,0,0,0.00%,0,0,0
Dec-25,Paused,"""omnichannel pricing engine""",15,0, --,0,0,0,0,0.00%,0,0,0
Jan-26,Paused,"""omnichannel pricing engine""",15,0, --,0,0,0,0,0.00%,0,0,0
Feb-26,Paused,"""omnichannel pricing engine""",15,0, --,0,0,0,0,0.00%,0,0,0
Mar-26,Paused,"""omnichannel pricing engine""",15,0, --,0,0,0,0,0.00%,0,0,0
Oct-25,Paused,"""price elasticity engine""",15,0, --,0,0,0,0,0.00%,0,0,0
Nov-25,Paused,"""price elasticity engine""",15,0, --,0,0,0,0,0.00%,0,0,0
Dec-25,Paused,"""price elasticity engine""",15,0, --,0,0,0,0,0.00%,0,0,0
Jan-26,Paused,"""price elasticity engine""",15,0, --,0,0,0,0,0.00%,0,0,0
Feb-26,Paused,"""price elasticity engine""",15,0, --,0,0,0,0,0.00%,0,0,0
Mar-26,Paused,"""price elasticity engine""",15,0, --,0,0,0,0,0.00%,0,0,0
Oct-25,Paused,"""algorithmic pricing engine""",15,0, --,0,0,0,0,0.00%,0,0,0
Nov-25,Paused,"""algorithmic pricing engine""",15,0, --,0,0,0,0,0.00%,0,0,0
Dec-25,Paused,"""algorithmic pricing engine""",15,0, --,0,0,0,0,0.00%,0,0,0
Jan-26,Paused,"""algorithmic pricing engine""",15,0, --,0,0,0,0,0.00%,0,0,0
Feb-26,Paused,"""algorithmic pricing engine""",15,0, --,0,0,0,0,0.00%,0,0,0
Mar-26,Paused,"""algorithmic pricing engine""",15,0, --,0,0,0,0,0.00%,0,0,0
Oct-25,Paused,"""dtc pricing""",15,0, --,0,0,0,0,0.00%,0,0,0
Nov-25,Paused,"""dtc pricing""",15,0, --,0,0,0,0,0.00%,0,0,0
Dec-25,Paused,"""dtc pricing""",15,0, --,0,0,0,0,0.00%,0,0,0
Jan-26,Paused,"""dtc pricing""",15,0, --,0,0,0,0,0.00%,0,0,0
Feb-26,Paused,"""dtc pricing""",15,0, --,0,0,0,0,0.00%,0,0,0
Mar-26,Paused,"""dtc pricing""",15,0, --,0,0,0,0,0.00%,0,0,0
Oct-25,Paused,"""omnichannel pricing tools""",15,0, --,0,0,0,0,0.00%,0,0,0
Nov-25,Paused,"""omnichannel pricing tools""",15,0, --,0,0,0,0,0.00%,0,0,0
Dec-25,Paused,"""omnichannel pricing tools""",15,0, --,0,0,0,0,0.00%,0,0,0
Jan-26,Paused,"""omnichannel pricing tools""",15,0, --,0,0,0,0,0.00%,0,0,0
Feb-26,Paused,"""omnichannel pricing tools""",15,0, --,0,0,0,0,0.00%,0,0,0
Mar-26,Paused,"""omnichannel pricing tools""",15,0, --,0,0,0,0,0.00%,0,0,0
Oct-25,Paused,"""price elasticity strategies""",15,0, --,0,0,0,0,0.00%,0,0,0
Nov-25,Paused,"""price elasticity strategies""",15,0, --,0,0,0,0,0.00%,0,0,0
Dec-25,Paused,"""price elasticity strategies""",15,0, --,0,0,0,0,0.00%,0,0,0
Jan-26,Paused,"""price elasticity strategies""",15,0, --,0,0,0,0,0.00%,0,0,0
Feb-26,Paused,"""price elasticity strategies""",15,0, --,0,0,0,0,0.00%,0,0,0
Mar-26,Paused,"""price elasticity strategies""",15,0, --,0,0,0,0,0.00%,0,0,0
Oct-25,Paused,"""price elasticity model""",15,0, --,0,0,0,0,0.00%,0,0,0
Nov-25,Paused,"""price elasticity model""",15,0, --,0,0,0,0,0.00%,0,0,0
Dec-25,Paused,"""price elasticity model""",15,0, --,0,0,0,0,0.00%,0,0,0
Jan-26,Paused,"""price elasticity model""",15,0, --,0,0,0,0,0.00%,0,0,0
Feb-26,Paused,"""price elasticity model""",15,0, --,0,0,0,0,0.00%,0,0,0
Mar-26,Paused,"""price elasticity model""",15,0, --,0,0,0,0,0.00%,0,0,0
Oct-25,Paused,"""price elasticity module""",15,0, --,0,0,0,0,0.00%,0,0,0
Nov-25,Paused,"""price elasticity module""",15,0, --,0,0,0,0,0.00%,0,0,0
Dec-25,Paused,"""price elasticity module""",15,0, --,0,0,0,0,0.00%,0,0,0
Jan-26,Paused,"""price elasticity module""",15,0, --,0,0,0,0,0.00%,0,0,0
Feb-26,Paused,"""price elasticity module""",15,0, --,0,0,0,0,0.00%,0,0,0
Mar-26,Paused,"""price elasticity module""",15,0, --,0,0,0,0,0.00%,0,0,0
Oct-25,Paused,"""price elasticity platform""",15,0, --,0,0,0,0,0.00%,0,0,0
Nov-25,Paused,"""price elasticity platform""",15,0, --,0,0,0,0,0.00%,0,0,0
Dec-25,Paused,"""price elasticity platform""",15,0, --,0,0,0,0,0.00%,0,0,0
Jan-26,Paused,"""price elasticity platform""",15,0, --,0,0,0,0,0.00%,0,0,0
Feb-26,Paused,"""price elasticity platform""",15,0, --,0,0,0,0,0.00%,0,0,0
Mar-26,Paused,"""price elasticity platform""",15,0, --,0,0,0,0,0.00%,0,0,0
Oct-25,Paused,"""price elasticity software""",15,0, --,0,0,0,0,0.00%,0,0,0
Nov-25,Paused,"""price elasticity software""",15,0, --,0,0,0,0,0.00%,0,0,0
Dec-25,Paused,"""price elasticity software""",15,0, --,0,0,0,0,0.00%,0,0,0
Jan-26,Paused,"""price elasticity software""",15,0, --,0,0,0,0,0.00%,0,0,0
Feb-26,Paused,"""price elasticity software""",15,0, --,0,0,0,0,0.00%,0,0,0
Mar-26,Paused,"""price elasticity software""",15,0, --,0,0,0,0,0.00%,0,0,0
Oct-25,Paused,"""price elasticity feature""",15,0, --,0,0,0,0,0.00%,0,0,0
Nov-25,Paused,"""price elasticity feature""",15,0, --,0,0,0,0,0.00%,0,0,0
Dec-25,Paused,"""price elasticity feature""",15,0, --,0,0,0,0,0.00%,0,0,0
Jan-26,Paused,"""price elasticity feature""",15,0, --,0,0,0,0,0.00%,0,0,0
Feb-26,Paused,"""price elasticity feature""",15,0, --,0,0,0,0,0.00%,0,0,0
Mar-26,Paused,"""price elasticity feature""",15,0, --,0,0,0,0,0.00%,0,0,0
Oct-25,Paused,"""Revenue management platform""",15,0, --,0,0,0,0,0.00%,0,0,0
Nov-25,Paused,"""Revenue management platform""",15,0, --,0,0,0,0,0.00%,0,0,0
Dec-25,Paused,"""Revenue management platform""",15,0, --,0,0,0,0,0.00%,0,0,0
Jan-26,Paused,"""Revenue management platform""",15,0, --,0,0,0,0,0.00%,0,0,0
Feb-26,Paused,"""Revenue management platform""",15,0, --,0,0,0,0,0.00%,0,0,0
Mar-26,Paused,"""Revenue management platform""",15,0, --,0,0,0,0,0.00%,0,0,0
Oct-25,Paused,"""Pricing Tool for Retailers""",15,0, --,0,0,0,0,0.00%,0,0,0
Nov-25,Paused,"""Pricing Tool for Retailers""",15,0, --,0,0,0,0,0.00%,0,0,0
Dec-25,Paused,"""Pricing Tool for Retailers""",15,0, --,0,0,0,0,0.00%,0,0,0
Jan-26,Paused,"""Pricing Tool for Retailers""",15,0, --,0,0,0,0,0.00%,0,0,0
Feb-26,Paused,"""Pricing Tool for Retailers""",15,0, --,0,0,0,0,0.00%,0,0,0
Mar-26,Paused,"""Pricing Tool for Retailers""",15,0, --,0,0,0,0,0.00%,0,0,0
Oct-25,Paused,"""retail automated pricing""",15,0, --,0,0,0,0,0.00%,0,0,0
Nov-25,Paused,"""retail automated pricing""",15,0, --,0,0,0,0,0.00%,0,0,0
Dec-25,Paused,"""retail automated pricing""",15,0, --,0,0,0,0,0.00%,0,0,0
Jan-26,Paused,"""retail automated pricing""",15,0, --,0,0,0,0,0.00%,0,0,0
Feb-26,Paused,"""retail automated pricing""",15,0, --,0,0,0,0,0.00%,0,0,0
Mar-26,Paused,"""retail automated pricing""",15,0, --,0,0,0,0,0.00%,0,0,0
Oct-25,Paused,"""open pricing software""",15,0, --,0,0,0,0,0.00%,0,0,0
Nov-25,Paused,"""open pricing software""",15,0, --,0,0,0,0,0.00%,0,0,0
Dec-25,Paused,"""open pricing software""",15,0, --,0,0,0,0,0.00%,0,0,0
Jan-26,Paused,"""open pricing software""",15,0, --,0,0,0,0,0.00%,0,0,0
Feb-26,Paused,"""open pricing software""",15,0, --,0,0,0,0,0.00%,0,0,0
Mar-26,Paused,"""open pricing software""",15,0, --,0,0,0,0,0.00%,0,0,0
Oct-25,Paused,"""d2c pricing platform""",15,0, --,0,0,0,0,0.00%,0,0,0
Nov-25,Paused,"""d2c pricing platform""",15,0, --,0,0,0,0,0.00%,0,0,0
Dec-25,Paused,"""d2c pricing platform""",15,0, --,0,0,0,0,0.00%,0,0,0
Jan-26,Paused,"""d2c pricing platform""",15,0, --,0,0,0,0,0.00%,0,0,0
Feb-26,Paused,"""d2c pricing platform""",15,0, --,0,0,0,0,0.00%,0,0,0
Mar-26,Paused,"""d2c pricing platform""",15,0, --,0,0,0,0,0.00%,0,0,0
Oct-25,Paused,"""b2c pricing platform""",15,0, --,0,0,0,0,0.00%,0,0,0
Nov-25,Paused,"""b2c pricing platform""",15,0, --,0,0,0,0,0.00%,0,0,0
Dec-25,Paused,"""b2c pricing platform""",15,0, --,0,0,0,0,0.00%,0,0,0
Jan-26,Paused,"""b2c pricing platform""",15,0, --,0,0,0,0,0.00%,0,0,0
Feb-26,Paused,"""b2c pricing platform""",15,0, --,0,0,0,0,0.00%,0,0,0
Mar-26,Paused,"""b2c pricing platform""",15,0, --,0,0,0,0,0.00%,0,0,0
Oct-25,Paused,"""omnichannel pricing platform""",15,0, --,0,0,0,0,0.00%,0,0,0
Nov-25,Paused,"""omnichannel pricing platform""",15,0, --,0,0,0,0,0.00%,0,0,0
Dec-25,Paused,"""omnichannel pricing platform""",15,0, --,0,0,0,0,0.00%,0,0,0
Jan-26,Paused,"""omnichannel pricing platform""",15,0, --,0,0,0,0,0.00%,0,0,0
Feb-26,Paused,"""omnichannel pricing platform""",15,0, --,0,0,0,0,0.00%,0,0,0
Mar-26,Paused,"""omnichannel pricing platform""",15,0, --,0,0,0,0,0.00%,0,0,0
Oct-25,Paused,"""open pricing platform""",15,0, --,0,0,0,0,0.00%,0,0,0
Nov-25,Paused,"""open pricing platform""",15,0, --,0,0,0,0,0.00%,0,0,0
Dec-25,Paused,"""open pricing platform""",15,0, --,0,0,0,0,0.00%,0,0,0
Jan-26,Paused,"""open pricing platform""",15,0, --,0,0,0,0,0.00%,0,0,0
Feb-26,Paused,"""open pricing platform""",15,0, --,0,0,0,0,0.00%,0,0,0
Mar-26,Paused,"""open pricing platform""",15,0, --,0,0,0,0,0.00%,0,0,0
Oct-25,Paused,"""ai based pricing platform""",15,0, --,0,0,0,0,0.00%,0,0,0
Nov-25,Paused,"""ai based pricing platform""",15,0, --,0,0,0,0,0.00%,0,0,0
Dec-25,Paused,"""ai based pricing platform""",15,0, --,0,0,0,0,0.00%,0,0,0
Jan-26,Paused,"""ai based pricing platform""",15,0, --,0,0,0,0,0.00%,0,0,0
Feb-26,Paused,"""ai based pricing platform""",15,0, --,0,0,0,0,0.00%,0,0,0
Mar-26,Paused,"""ai based pricing platform""",15,0, --,0,0,0,0,0.00%,0,0,0
Oct-25,Paused,"""automated pricing at scale""",15,0, --,0,0,0,0,0.00%,0,0,0
Nov-25,Paused,"""automated pricing at scale""",15,0, --,0,0,0,0,0.00%,0,0,0
Dec-25,Paused,"""automated pricing at scale""",15,0, --,0,0,0,0,0.00%,0,0,0
Jan-26,Paused,"""automated pricing at scale""",15,0, --,0,0,0,0,0.00%,0,0,0
Feb-26,Paused,"""automated pricing at scale""",15,0, --,0,0,0,0,0.00%,0,0,0
Mar-26,Paused,"""automated pricing at scale""",15,0, --,0,0,0,0,0.00%,0,0,0
Oct-25,Paused,"""price elasticity in retail""",15,0, --,0,0,0,0,0.00%,0,0,0
Nov-25,Paused,"""price elasticity in retail""",15,0, --,0,0,0,0,0.00%,0,0,0
Dec-25,Paused,"""price elasticity in retail""",15,0, --,0,0,0,0,0.00%,0,0,0
Jan-26,Paused,"""price elasticity in retail""",15,0, --,0,0,0,0,0.00%,0,0,0
Feb-26,Paused,"""price elasticity in retail""",15,0, --,0,0,0,0,0.00%,0,0,0
Mar-26,Paused,"""price elasticity in retail""",15,0, --,0,0,0,0,0.00%,0,0,0
Oct-25,Paused,"""RGM solution""",15,0, --,0,0,0,0,0.00%,0,0,0
Nov-25,Paused,"""RGM solution""",15,0, --,0,0,0,0,0.00%,0,0,0
Dec-25,Paused,"""RGM solution""",15,0, --,0,0,0,0,0.00%,0,0,0
Jan-26,Paused,"""RGM solution""",15,0, --,0,0,0,0,0.00%,0,0,0
Feb-26,Paused,"""RGM solution""",15,0, --,0,0,0,0,0.00%,0,0,0
Mar-26,Paused,"""RGM solution""",15,0, --,0,0,0,0,0.00%,0,0,0
Oct-25,Paused,"""automated pricing platform""",15,0, --,0,0,0,0,0.00%,0,0,0
Nov-25,Paused,"""automated pricing platform""",15,0, --,0,0,0,0,0.00%,0,0,0
Dec-25,Paused,"""automated pricing platform""",15,0, --,0,0,0,0,0.00%,0,0,0
Jan-26,Paused,"""automated pricing platform""",15,0, --,0,0,0,0,0.00%,0,0,0
Feb-26,Paused,"""automated pricing platform""",15,0, --,0,0,0,0,0.00%,0,0,0
Mar-26,Paused,"""automated pricing platform""",15,0, --,0,0,0,0,0.00%,0,0,0
Oct-25,Paused,"""omnichannel pricing software""",15,0, --,0,0,0,0,0.00%,0,0,0
Nov-25,Paused,"""omnichannel pricing software""",15,0, --,0,0,0,0,0.00%,0,0,0
Dec-25,Paused,"""omnichannel pricing software""",15,0, --,0,0,0,0,0.00%,0,0,0
Jan-26,Paused,"""omnichannel pricing software""",15,0, --,0,0,0,0,0.00%,0,0,0
Feb-26,Paused,"""omnichannel pricing software""",15,0, --,0,0,0,0,0.00%,0,0,0
Mar-26,Paused,"""omnichannel pricing software""",15,0, --,0,0,0,0,0.00%,0,0,0
Oct-25,Paused,"""algorithmic pricing software""",15,0, --,0,0,0,0,0.00%,0,0,0
Nov-25,Paused,"""algorithmic pricing software""",15,0, --,0,0,0,0,0.00%,0,0,0
Dec-25,Paused,"""algorithmic pricing software""",15,0, --,0,0,0,0,0.00%,0,0,0
Jan-26,Paused,"""algorithmic pricing software""",15,0, --,0,0,0,0,0.00%,0,0,0
Feb-26,Paused,"""algorithmic pricing software""",15,0, --,0,0,0,0,0.00%,0,0,0
Mar-26,Paused,"""algorithmic pricing software""",15,0, --,0,0,0,0,0.00%,0,0,0
Oct-25,Paused,"""d2c pricing""",15,0, --,0,0,0,0,0.00%,0,0,0
Nov-25,Paused,"""d2c pricing""",15,0, --,0,0,0,0,0.00%,0,0,0
Dec-25,Paused,"""d2c pricing""",15,0, --,0,0,0,0,0.00%,0,0,0
Jan-26,Paused,"""d2c pricing""",15,0, --,0,0,0,0,0.00%,0,0,0
Feb-26,Paused,"""d2c pricing""",15,0, --,0,0,0,0,0.00%,0,0,0
Mar-26,Paused,"""d2c pricing""",15,0, --,0,0,0,0,0.00%,0,0,0
Oct-25,Paused,"""d2c pricing software""",15,0, --,0,0,0,0,0.00%,0,0,0
Nov-25,Paused,"""d2c pricing software""",15,0, --,0,0,0,0,0.00%,0,0,0
Dec-25,Paused,"""d2c pricing software""",15,0, --,0,0,0,0,0.00%,0,0,0
Jan-26,Paused,"""d2c pricing software""",15,0, --,0,0,0,0,0.00%,0,0,0
Feb-26,Paused,"""d2c pricing software""",15,0, --,0,0,0,0,0.00%,0,0,0
Mar-26,Paused,"""d2c pricing software""",15,0, --,0,0,0,0,0.00%,0,0,0
Oct-25,Paused,"""AI pricing optimization for Retail""",15,0, --,0,0,0,0,0.00%,0,0,0
Nov-25,Paused,"""AI pricing optimization for Retail""",15,0, --,0,0,0,0,0.00%,0,0,0
Dec-25,Paused,"""AI pricing optimization for Retail""",15,0, --,0,0,0,0,0.00%,0,0,0
Jan-26,Paused,"""AI pricing optimization for Retail""",15,0, --,0,0,0,0,0.00%,0,0,0
Feb-26,Paused,"""AI pricing optimization for Retail""",15,0, --,0,0,0,0,0.00%,0,0,0
Mar-26,Paused,"""AI pricing optimization for Retail""",15,0, --,0,0,0,0,0.00%,0,0,0
Oct-25,Paused,"""AI pricing management for Retail""",15,0, --,0,0,0,0,0.00%,0,0,0
Nov-25,Paused,"""AI pricing management for Retail""",15,0, --,0,0,0,0,0.00%,0,0,0
Dec-25,Paused,"""AI pricing management for Retail""",15,0, --,0,0,0,0,0.00%,0,0,0
Jan-26,Paused,"""AI pricing management for Retail""",15,0, --,0,0,0,0,0.00%,0,0,0
Feb-26,Paused,"""AI pricing management for Retail""",15,0, --,0,0,0,0,0.00%,0,0,0
Mar-26,Paused,"""AI pricing management for Retail""",15,0, --,0,0,0,0,0.00%,0,0,0
Oct-25,Paused,"""AI pricing automation for Retail""",15,0, --,0,0,0,0,0.00%,0,0,0
Nov-25,Paused,"""AI pricing automation for Retail""",15,0, --,0,0,0,0,0.00%,0,0,0
Dec-25,Paused,"""AI pricing automation for Retail""",15,0, --,0,0,0,0,0.00%,0,0,0
Jan-26,Paused,"""AI pricing automation for Retail""",15,0, --,0,0,0,0,0.00%,0,0,0
Feb-26,Paused,"""AI pricing automation for Retail""",15,0, --,0,0,0,0,0.00%,0,0,0
Mar-26,Paused,"""AI pricing automation for Retail""",15,0, --,0,0,0,0,0.00%,0,0,0
Oct-25,Paused,"""markdown pricing tools""",15,0, --,0,0,0,0,0.00%,0,0,0
Nov-25,Paused,"""markdown pricing tools""",15,0, --,0,0,0,0,0.00%,0,0,0
Dec-25,Paused,"""markdown pricing tools""",15,0, --,0,0,0,0,0.00%,0,0,0
Jan-26,Paused,"""markdown pricing tools""",15,0, --,0,0,0,0,0.00%,0,0,0
Feb-26,Paused,"""markdown pricing tools""",15,0, --,0,0,0,0,0.00%,0,0,0
Mar-26,Paused,"""markdown pricing tools""",15,0, --,0,0,0,0,0.00%,0,0,0
Oct-25,Paused,"""retail pricing platform""",15,0, --,0,0,0,0,0.00%,0,0,0
Nov-25,Paused,"""retail pricing platform""",15,0, --,0,0,0,0,0.00%,0,0,0
Dec-25,Paused,"""retail pricing platform""",15,0, --,0,0,0,0,0.00%,0,0,0
Jan-26,Paused,"""retail pricing platform""",15,0, --,0,0,0,0,0.00%,0,0,0
Feb-26,Paused,"""retail pricing platform""",15,0, --,0,0,0,0,0.00%,0,0,0
Mar-26,Paused,"""retail pricing platform""",15,0, --,0,0,0,0,0.00%,0,0,0
Oct-25,Paused,"""markdown pricing platform""",15,0, --,0,0,0,0,0.00%,0,0,0
Nov-25,Paused,"""markdown pricing platform""",15,0, --,0,0,0,0,0.00%,0,0,0
Dec-25,Paused,"""markdown pricing platform""",15,0, --,0,0,0,0,0.00%,0,0,0
Jan-26,Paused,"""markdown pricing platform""",15,0, --,0,0,0,0,0.00%,0,0,0
Feb-26,Paused,"""markdown pricing platform""",15,0, --,0,0,0,0,0.00%,0,0,0
Mar-26,Paused,"""markdown pricing platform""",15,0, --,0,0,0,0,0.00%,0,0,0
Oct-25,Paused,"""price elasticity optimization""",15,0, --,0,0,0,0,0.00%,0,0,0
Nov-25,Paused,"""price elasticity optimization""",15,0, --,0,0,0,0,0.00%,0,0,0
Dec-25,Paused,"""price elasticity optimization""",15,0, --,0,0,0,0,0.00%,0,0,0
Jan-26,Paused,"""price elasticity optimization""",15,0, --,0,0,0,0,0.00%,0,0,0
Feb-26,Paused,"""price elasticity optimization""",15,0, --,0,0,0,0,0.00%,0,0,0
Mar-26,Paused,"""price elasticity optimization""",15,0, --,0,0,0,0,0.00%,0,0,0
Oct-25,Paused,"""Pricing Platform""",15,0, --,0,0,0,0,0.00%,0,0,0
Nov-25,Paused,"""Pricing Platform""",15,0, --,0,0,0,0,0.00%,0,0,0
Dec-25,Paused,"""Pricing Platform""",15,0, --,0,0,0,0,0.00%,0,0,0
Jan-26,Paused,"""Pricing Platform""",15,0, --,0,0,0,0,0.00%,0,0,0
Feb-26,Paused,"""Pricing Platform""",15,0, --,0,0,0,0,0.00%,0,0,0
Mar-26,Paused,"""Pricing Platform""",15,0, --,0,0,0,0,0.00%,0,0,0
Oct-25,Paused,"""price elasticity tool""",15,0, --,0,0,0,0,0.00%,0,0,0
Nov-25,Paused,"""price elasticity tool""",15,0, --,0,0,0,0,0.00%,0,0,0
Dec-25,Paused,"""price elasticity tool""",15,0, --,0,0,0,0,0.00%,0,0,0
Jan-26,Paused,"""price elasticity tool""",15,0, --,0,0,0,0,0.00%,0,0,0
Feb-26,Paused,"""price elasticity tool""",15,0, --,0,0,0,0,0.00%,0,0,0
Mar-26,Paused,"""price elasticity tool""",15,0, --,0,0,0,0,0.00%,0,0,0
Oct-25,Paused,"""automated pricing system""",15,0, --,0,0,0,0,0.00%,0,0,0
Nov-25,Paused,"""automated pricing system""",15,0, --,0,0,0,0,0.00%,0,0,0
Dec-25,Paused,"""automated pricing system""",15,0, --,0,0,0,0,0.00%,0,0,0
Jan-26,Paused,"""automated pricing system""",15,0, --,0,0,0,0,0.00%,0,0,0
Feb-26,Paused,"""automated pricing system""",15,0, --,0,0,0,0,0.00%,0,0,0
Mar-26,Paused,"""automated pricing system""",15,0, --,0,0,0,0,0.00%,0,0,0
Oct-25,Paused,"""automated pricing software""",15,0, --,0,0,0,0,0.00%,0,0,0
Nov-25,Paused,"""automated pricing software""",15,0, --,0,0,0,0,0.00%,0,0,0
Dec-25,Paused,"""automated pricing software""",15,0, --,0,0,0,0,0.00%,0,0,0
Jan-26,Paused,"""automated pricing software""",15,0, --,0,0,0,0,0.00%,0,0,0
Feb-26,Paused,"""automated pricing software""",15,0, --,0,0,0,0,0.00%,0,0,0
Mar-26,Paused,"""automated pricing software""",15,0, --,0,0,0,0,0.00%,0,0,0
Oct-25,Enabled,[dynamic pricing solution],18.75,0, --,0,0,0,0,0.00%,0,0,0
Nov-25,Enabled,[dynamic pricing solution],18.75,0, --,0,0,0,0,0.00%,0,0,0
Dec-25,Enabled,[dynamic pricing solution],18.75,0, --,0,0,0,0,0.00%,0,0,0
Jan-26,Enabled,[dynamic pricing solution],18.75,11,1.27%,14.13,155.43,869,11,0.00%,0,14.13,0
Feb-26,Enabled,[dynamic pricing solution],18.75,7,1.52%,14.59,102.11,460,7,0.00%,0,14.59,0
Mar-26,Enabled,[dynamic pricing solution],18.75,1,2.04%,14.9,14.9,49,1,0.00%,0,14.9,0
Oct-25,Paused,"""markdown pricing software""",15,0, --,0,0,0,0,0.00%,0,0,0
Nov-25,Paused,"""markdown pricing software""",15,0, --,0,0,0,0,0.00%,0,0,0
Dec-25,Paused,"""markdown pricing software""",15,0, --,0,0,0,0,0.00%,0,0,0
Jan-26,Paused,"""markdown pricing software""",15,0, --,0,0,0,0,0.00%,0,0,0
Feb-26,Paused,"""markdown pricing software""",15,0, --,0,0,0,0,0.00%,0,0,0
Mar-26,Paused,"""markdown pricing software""",15,0, --,0,0,0,0,0.00%,0,0,0
Oct-25,Paused,"""automated pricing tools""",15,0, --,0,0,0,0,0.00%,0,0,0
Nov-25,Paused,"""automated pricing tools""",15,0, --,0,0,0,0,0.00%,0,0,0
Dec-25,Paused,"""automated pricing tools""",15,0, --,0,0,0,0,0.00%,0,0,0
Jan-26,Paused,"""automated pricing tools""",15,0, --,0,0,0,0,0.00%,0,0,0
Feb-26,Paused,"""automated pricing tools""",15,0, --,0,0,0,0,0.00%,0,0,0
Mar-26,Paused,"""automated pricing tools""",15,0, --,0,0,0,0,0.00%,0,0,0
Oct-25,Paused,"""pricing platform""",15,0, --,0,0,0,0,0.00%,0,0,0
Nov-25,Paused,"""pricing platform""",15,0, --,0,0,0,0,0.00%,0,0,0
Dec-25,Paused,"""pricing platform""",15,0, --,0,0,0,0,0.00%,0,0,0
Jan-26,Paused,"""pricing platform""",15,0, --,0,0,0,0,0.00%,0,0,0
Feb-26,Paused,"""pricing platform""",15,0, --,0,0,0,0,0.00%,0,0,0
Mar-26,Paused,"""pricing platform""",15,0, --,0,0,0,0,0.00%,0,0,0
Oct-25,Paused,"""b2c pricing software""",15,0, --,0,0,0,0,0.00%,0,0,0
Nov-25,Paused,"""b2c pricing software""",15,0, --,0,0,0,0,0.00%,0,0,0
Dec-25,Paused,"""b2c pricing software""",15,0, --,0,0,0,0,0.00%,0,0,0
Jan-26,Paused,"""b2c pricing software""",15,0, --,0,0,0,0,0.00%,0,0,0
Feb-26,Paused,"""b2c pricing software""",15,0, --,0,0,0,0,0.00%,0,0,0
Mar-26,Paused,"""b2c pricing software""",15,0, --,0,0,0,0,0.00%,0,0,0
Oct-25,Paused,"""retail pricing tool""",15,0, --,0,0,0,0,0.00%,0,0,0
Nov-25,Paused,"""retail pricing tool""",15,0, --,0,0,0,0,0.00%,0,0,0
Dec-25,Paused,"""retail pricing tool""",15,0, --,0,0,0,0,0.00%,0,0,0
Jan-26,Paused,"""retail pricing tool""",15,0, --,0,0,0,0,0.00%,0,0,0
Feb-26,Paused,"""retail pricing tool""",15,0, --,0,0,0,0,0.00%,0,0,0
Mar-26,Paused,"""retail pricing tool""",15,0, --,0,0,0,0,0.00%,0,0,0
Oct-25,Paused,"""Quicklizard""",15,0, --,0,0,0,0,0.00%,0,0,0
Nov-25,Paused,"""Quicklizard""",15,0, --,0,0,0,0,0.00%,0,0,0
Dec-25,Paused,"""Quicklizard""",15,0, --,0,0,0,0,0.00%,0,0,0
Jan-26,Paused,"""Quicklizard""",15,0, --,0,0,0,0,0.00%,0,0,0
Feb-26,Paused,"""Quicklizard""",15,0, --,0,0,0,0,0.00%,0,0,0
Mar-26,Paused,"""Quicklizard""",15,0, --,0,0,0,0,0.00%,0,0,0
Oct-25,Paused,"""Revenue Growth Management""",15,0, --,0,0,0,0,0.00%,0,0,0
Nov-25,Paused,"""Revenue Growth Management""",15,0, --,0,0,0,0,0.00%,0,0,0
Dec-25,Paused,"""Revenue Growth Management""",15,0, --,0,0,0,0,0.00%,0,0,0
Jan-26,Paused,"""Revenue Growth Management""",15,0, --,0,0,0,0,0.00%,0,0,0
Feb-26,Paused,"""Revenue Growth Management""",15,0, --,0,0,0,0,0.00%,0,0,0
Mar-26,Paused,"""Revenue Growth Management""",15,0, --,0,0,0,0,0.00%,0,0,0
Oct-25,Paused,"""retail pricing tools""",15,0, --,0,0,0,0,0.00%,0,0,0
Nov-25,Paused,"""retail pricing tools""",15,0, --,0,0,0,0,0.00%,0,0,0
Dec-25,Paused,"""retail pricing tools""",15,0, --,0,0,0,0,0.00%,0,0,0
Jan-26,Paused,"""retail pricing tools""",15,0, --,0,0,0,0,0.00%,0,0,0
Feb-26,Paused,"""retail pricing tools""",15,0, --,0,0,0,0,0.00%,0,0,0
Mar-26,Paused,"""retail pricing tools""",15,0, --,0,0,0,0,0.00%,0,0,0
Oct-25,Enabled,[markdown optimization],15,0, --,0,0,0,0,0.00%,0,0,0
Nov-25,Enabled,[markdown optimization],15,0, --,0,0,0,0,0.00%,0,0,0
Dec-25,Enabled,[markdown optimization],15,0, --,0,0,0,0,0.00%,0,0,0
Jan-26,Enabled,[markdown optimization],15,2,15.38%,14.23,28.45,13,2,0.00%,0,14.23,0
Feb-26,Enabled,[markdown optimization],15,1,25.00%,10.64,10.64,4,1,0.00%,0,10.64,0
Mar-26,Enabled,[markdown optimization],15,0,0.00%,0,0,4,0,0.00%,0,0,0
Oct-25,Paused,"""Retail Pricing Optimization""",15,0, --,0,0,0,0,0.00%,0,0,0
Nov-25,Paused,"""Retail Pricing Optimization""",15,0, --,0,0,0,0,0.00%,0,0,0
Dec-25,Paused,"""Retail Pricing Optimization""",15,0, --,0,0,0,0,0.00%,0,0,0
Jan-26,Paused,"""Retail Pricing Optimization""",15,0, --,0,0,0,0,0.00%,0,0,0
Feb-26,Paused,"""Retail Pricing Optimization""",15,0, --,0,0,0,0,0.00%,0,0,0
Mar-26,Paused,"""Retail Pricing Optimization""",15,0, --,0,0,0,0,0.00%,0,0,0
Oct-25,Paused,"""b2c pricing""",15,0, --,0,0,0,0,0.00%,0,0,0
Nov-25,Paused,"""b2c pricing""",15,0, --,0,0,0,0,0.00%,0,0,0
Dec-25,Paused,"""b2c pricing""",15,0, --,0,0,0,0,0.00%,0,0,0
Jan-26,Paused,"""b2c pricing""",15,0, --,0,0,0,0,0.00%,0,0,0
Feb-26,Paused,"""b2c pricing""",15,0, --,0,0,0,0,0.00%,0,0,0
Mar-26,Paused,"""b2c pricing""",15,0, --,0,0,0,0,0.00%,0,0,0
Oct-25,Paused,"""dynamic pricing tools""",15,0, --,0,0,0,0,0.00%,0,0,0
Nov-25,Paused,"""dynamic pricing tools""",15,0, --,0,0,0,0,0.00%,0,0,0
Dec-25,Paused,"""dynamic pricing tools""",15,0, --,0,0,0,0,0.00%,0,0,0
Jan-26,Paused,"""dynamic pricing tools""",15,0, --,0,0,0,0,0.00%,0,0,0
Feb-26,Paused,"""dynamic pricing tools""",15,0, --,0,0,0,0,0.00%,0,0,0
Mar-26,Paused,"""dynamic pricing tools""",15,0, --,0,0,0,0,0.00%,0,0,0
Oct-25,Enabled,[omnichannel pricing],15,0, --,0,0,0,0,0.00%,0,0,0
Nov-25,Enabled,[omnichannel pricing],15,0, --,0,0,0,0,0.00%,0,0,0
Dec-25,Enabled,[omnichannel pricing],15,0, --,0,0,0,0,0.00%,0,0,0
Jan-26,Enabled,[omnichannel pricing],15,0,0.00%,0,0,6,0,0.00%,0,0,0
Feb-26,Enabled,[omnichannel pricing],15,2,33.33%,13.06,26.12,6,2,0.00%,0,13.06,0
Mar-26,Enabled,[omnichannel pricing],15,0,0.00%,0,0,2,0,0.00%,0,0,0
Oct-25,Enabled,[price benchmarking],18.75,0, --,0,0,0,0,0.00%,0,0,0
Nov-25,Enabled,[price benchmarking],18.75,0, --,0,0,0,0,0.00%,0,0,0
Dec-25,Enabled,[price benchmarking],18.75,0, --,0,0,0,0,0.00%,0,0,0
Jan-26,Enabled,[price benchmarking],18.75,4,3.42%,13.92,55.66,117,4,0.00%,0,13.92,0
Feb-26,Enabled,[price benchmarking],18.75,1,1.72%,14.62,14.62,58,1,0.00%,0,14.62,0
Mar-26,Enabled,[price benchmarking],18.75,0,0.00%,0,0,29,0,0.00%,0,0,0
Oct-25,Paused,"""retail pricing system""",15,0, --,0,0,0,0,0.00%,0,0,0
Nov-25,Paused,"""retail pricing system""",15,0, --,0,0,0,0,0.00%,0,0,0
Dec-25,Paused,"""retail pricing system""",15,0, --,0,0,0,0,0.00%,0,0,0
Jan-26,Paused,"""retail pricing system""",15,0, --,0,0,0,0,0.00%,0,0,0
Feb-26,Paused,"""retail pricing system""",15,0, --,0,0,0,0,0.00%,0,0,0
Mar-26,Paused,"""retail pricing system""",15,0, --,0,0,0,0,0.00%,0,0,0
Oct-25,Enabled,[pricing analytics],18.75,0, --,0,0,0,0,0.00%,0,0,0
Nov-25,Enabled,[pricing analytics],18.75,0, --,0,0,0,0,0.00%,0,0,0
Dec-25,Enabled,[pricing analytics],18.75,0, --,0,0,0,0,0.00%,0,0,0
Jan-26,Enabled,[pricing analytics],18.75,3,3.09%,14.22,42.66,97,3,0.00%,0,14.22,0
Feb-26,Enabled,[pricing analytics],18.75,1,2.27%,14.41,14.41,44,1,0.00%,0,14.41,0
Mar-26,Enabled,[pricing analytics],18.75,1,3.13%,9.6,9.6,32,1,0.00%,0,9.6,0
Oct-25,Paused,"""competitor price monitoring""",15,0, --,0,0,0,0,0.00%,0,0,0
Nov-25,Paused,"""competitor price monitoring""",15,0, --,0,0,0,0,0.00%,0,0,0
Dec-25,Paused,"""competitor price monitoring""",15,0, --,0,0,0,0,0.00%,0,0,0
Jan-26,Paused,"""competitor price monitoring""",15,0, --,0,0,0,0,0.00%,0,0,0
Feb-26,Paused,"""competitor price monitoring""",15,0, --,0,0,0,0,0.00%,0,0,0
Mar-26,Paused,"""competitor price monitoring""",15,0, --,0,0,0,0,0.00%,0,0,0
Oct-25,Paused,"""dynamic pricing system""",15,0, --,0,0,0,0,0.00%,0,0,0
Nov-25,Paused,"""dynamic pricing system""",15,0, --,0,0,0,0,0.00%,0,0,0
Dec-25,Paused,"""dynamic pricing system""",15,0, --,0,0,0,0,0.00%,0,0,0
Jan-26,Paused,"""dynamic pricing system""",15,0, --,0,0,0,0,0.00%,0,0,0
Feb-26,Paused,"""dynamic pricing system""",15,0, --,0,0,0,0,0.00%,0,0,0
Mar-26,Paused,"""dynamic pricing system""",15,0, --,0,0,0,0,0.00%,0,0,0
Oct-25,Paused,"""dynamic pricing platform""",15,0, --,0,0,0,0,0.00%,0,0,0
Nov-25,Paused,"""dynamic pricing platform""",15,0, --,0,0,0,0,0.00%,0,0,0
Dec-25,Paused,"""dynamic pricing platform""",15,0, --,0,0,0,0,0.00%,0,0,0
Jan-26,Paused,"""dynamic pricing platform""",15,0, --,0,0,0,0,0.00%,0,0,0
Feb-26,Paused,"""dynamic pricing platform""",15,0, --,0,0,0,0,0.00%,0,0,0
Mar-26,Paused,"""dynamic pricing platform""",15,0, --,0,0,0,0,0.00%,0,0,0
Oct-25,Enabled,[dynamic pricing retail],18.75,0, --,0,0,0,0,0.00%,0,0,0
Nov-25,Enabled,[dynamic pricing retail],18.75,0, --,0,0,0,0,0.00%,0,0,0
Dec-25,Enabled,[dynamic pricing retail],18.75,0, --,0,0,0,0,0.00%,0,0,0
Jan-26,Enabled,[dynamic pricing retail],18.75,2,2.22%,11.8,23.61,90,2,0.00%,0,11.8,0
Feb-26,Enabled,[dynamic pricing retail],18.75,4,8.00%,11.78,47.1,50,4,0.00%,0,11.78,0
Mar-26,Enabled,[dynamic pricing retail],18.75,0,0.00%,0,0,17,0,0.00%,0,0,0
Oct-25,Paused,"""dynamic pricing engine""",15,0, --,0,0,0,0,0.00%,0,0,0
Nov-25,Paused,"""dynamic pricing engine""",15,0, --,0,0,0,0,0.00%,0,0,0
Dec-25,Paused,"""dynamic pricing engine""",15,0, --,0,0,0,0,0.00%,0,0,0
Jan-26,Paused,"""dynamic pricing engine""",15,0, --,0,0,0,0,0.00%,0,0,0
Feb-26,Paused,"""dynamic pricing engine""",15,0, --,0,0,0,0,0.00%,0,0,0
Mar-26,Paused,"""dynamic pricing engine""",15,0, --,0,0,0,0,0.00%,0,0,0
Oct-25,Enabled,[pricing solution],15,0, --,0,0,0,0,0.00%,0,0,0
Nov-25,Enabled,[pricing solution],15,0, --,0,0,0,0,0.00%,0,0,0
Dec-25,Enabled,[pricing solution],15,0, --,0,0,0,0,0.00%,0,0,0
Jan-26,Enabled,[pricing solution],15,0,0.00%,0,0,6,0,0.00%,0,0,0
Feb-26,Enabled,[pricing solution],15,1,5.00%,14.6,14.6,20,1,0.00%,0,14.6,0
Mar-26,Enabled,[pricing solution],15,0,0.00%,0,0,7,0,0.00%,0,0,0
Oct-25,Enabled,[retail pricing strategies],15,0, --,0,0,0,0,0.00%,0,0,0
Nov-25,Enabled,[retail pricing strategies],15,0, --,0,0,0,0,0.00%,0,0,0
Dec-25,Enabled,[retail pricing strategies],15,0, --,0,0,0,0,0.00%,0,0,0
Jan-26,Enabled,[retail pricing strategies],15,0,0.00%,0,0,36,0,0.00%,0,0,0
Feb-26,Enabled,[retail pricing strategies],15,1,7.14%,14.07,14.07,14,1,0.00%,0,14.07,0
Mar-26,Enabled,[retail pricing strategies],15,2,14.29%,14.93,29.86,14,2,0.00%,0,14.93,0
Oct-25,Paused,"""pricing automation""",15,0, --,0,0,0,0,0.00%,0,0,0
Nov-25,Paused,"""pricing automation""",15,0, --,0,0,0,0,0.00%,0,0,0
Dec-25,Paused,"""pricing automation""",15,0, --,0,0,0,0,0.00%,0,0,0
Jan-26,Paused,"""pricing automation""",15,0, --,0,0,0,0,0.00%,0,0,0
Feb-26,Paused,"""pricing automation""",15,0, --,0,0,0,0,0.00%,0,0,0
Mar-26,Paused,"""pricing automation""",15,0, --,0,0,0,0,0.00%,0,0,0
Oct-25,Paused,"""Revenue management""",15,0, --,0,0,0,0,0.00%,0,0,0
Nov-25,Paused,"""Revenue management""",15,0, --,0,0,0,0,0.00%,0,0,0
Dec-25,Paused,"""Revenue management""",15,0, --,0,0,0,0,0.00%,0,0,0
Jan-26,Paused,"""Revenue management""",15,0, --,0,0,0,0,0.00%,0,0,0
Feb-26,Paused,"""Revenue management""",15,0, --,0,0,0,0,0.00%,0,0,0
Mar-26,Paused,"""Revenue management""",15,0, --,0,0,0,0,0.00%,0,0,0
Oct-25,Paused,"""pricing optimization""",15,0, --,0,0,0,0,0.00%,0,0,0
Nov-25,Paused,"""pricing optimization""",15,0, --,0,0,0,0,0.00%,0,0,0
Dec-25,Paused,"""pricing optimization""",15,0, --,0,0,0,0,0.00%,0,0,0
Jan-26,Paused,"""pricing optimization""",15,0, --,0,0,0,0,0.00%,0,0,0
Feb-26,Paused,"""pricing optimization""",15,0, --,0,0,0,0,0.00%,0,0,0
Mar-26,Paused,"""pricing optimization""",15,0, --,0,0,0,0,0.00%,0,0,0
Oct-25,Enabled,[dynamic pricing ecommerce],15,0, --,0,0,0,0,0.00%,0,0,0
Nov-25,Enabled,[dynamic pricing ecommerce],15,0, --,0,0,0,0,0.00%,0,0,0
Dec-25,Enabled,[dynamic pricing ecommerce],15,0, --,0,0,0,0,0.00%,0,0,0
Jan-26,Enabled,[dynamic pricing ecommerce],15,2,6.25%,14.71,29.41,32,2,0.00%,0,14.71,0
Feb-26,Enabled,[dynamic pricing ecommerce],15,1,3.85%,15,15,26,1,0.00%,0,15,0
Mar-26,Enabled,[dynamic pricing ecommerce],15,0,0.00%,0,0,10,0,0.00%,0,0,0
Oct-25,Paused,"""pricing tool software""",15,0, --,0,0,0,0,0.00%,0,0,0
Nov-25,Paused,"""pricing tool software""",15,0, --,0,0,0,0,0.00%,0,0,0
Dec-25,Paused,"""pricing tool software""",15,0, --,0,0,0,0,0.00%,0,0,0
Jan-26,Paused,"""pricing tool software""",15,0, --,0,0,0,0,0.00%,0,0,0
Feb-26,Paused,"""pricing tool software""",15,0, --,0,0,0,0,0.00%,0,0,0
Mar-26,Paused,"""pricing tool software""",15,0, --,0,0,0,0,0.00%,0,0,0
Oct-25,Enabled,[assortment optimization],18.75,0, --,0,0,0,0,0.00%,0,0,0
Nov-25,Enabled,[assortment optimization],18.75,0, --,0,0,0,0,0.00%,0,0,0
Dec-25,Enabled,[assortment optimization],18.75,0, --,0,0,0,0,0.00%,0,0,0
Jan-26,Enabled,[assortment optimization],18.75,2,7.41%,14.35,28.7,27,2,0.00%,0,14.35,0
Feb-26,Enabled,[assortment optimization],18.75,0,0.00%,0,0,24,0,0.00%,0,0,0
Mar-26,Enabled,[assortment optimization],18.75,0,0.00%,0,0,17,0,0.00%,0,0,0
Oct-25,Enabled,[price optimization software],17.7,0, --,0,0,0,0,0.00%,0,0,0
Nov-25,Enabled,[price optimization software],17.7,0, --,0,0,0,0,0.00%,0,0,0
Dec-25,Enabled,[price optimization software],17.7,0, --,0,0,0,0,0.00%,0,0,0
Jan-26,Enabled,[price optimization software],17.7,3,8.11%,14.79,44.38,37,3,0.00%,0,14.79,0
Feb-26,Enabled,[price optimization software],17.7,1,4.55%,14.23,14.23,22,1,0.00%,0,14.23,0
Mar-26,Enabled,[price optimization software],17.7,1,50.00%,8.8,8.8,2,1,0.00%,0,8.8,0
Oct-25,Enabled,[price management software],15,0, --,0,0,0,0,0.00%,0,0,0
Nov-25,Enabled,[price management software],15,0, --,0,0,0,0,0.00%,0,0,0
Dec-25,Enabled,[price management software],15,0, --,0,0,0,0,0.00%,0,0,0
Jan-26,Enabled,[price management software],15,0,0.00%,0,0,56,0,0.00%,0,0,0
Feb-26,Enabled,[price management software],15,1,4.55%,14.74,14.74,22,1,0.00%,0,14.74,0
Mar-26,Enabled,[price management software],15,0,0.00%,0,0,5,0,0.00%,0,0,0
Oct-25,Enabled,[pricing engine],18.75,0, --,0,0,0,0,0.00%,0,0,0
Nov-25,Enabled,[pricing engine],18.75,0, --,0,0,0,0,0.00%,0,0,0
Dec-25,Enabled,[pricing engine],18.75,0, --,0,0,0,0,0.00%,0,0,0
Jan-26,Enabled,[pricing engine],18.75,3,3.90%,14.11,42.33,77,3,0.00%,0,14.11,0
Feb-26,Enabled,[pricing engine],18.75,5,9.62%,10.41,52.03,52,5,0.00%,0,10.41,0
Mar-26,Enabled,[pricing engine],18.75,1,3.57%,18,18,28,1,0.00%,0,18,0
Oct-25,Enabled,[ecommerce pricing software],15,0, --,0,0,0,0,0.00%,0,0,0
Nov-25,Enabled,[ecommerce pricing software],15,0, --,0,0,0,0,0.00%,0,0,0
Dec-25,Enabled,[ecommerce pricing software],15,0, --,0,0,0,0,0.00%,0,0,0
Jan-26,Enabled,[ecommerce pricing software],15,1,3.57%,14.95,14.95,28,1,0.00%,0,14.95,0
Feb-26,Enabled,[ecommerce pricing software],15,2,15.38%,8.24,16.48,13,2,0.00%,0,8.24,0
Mar-26,Enabled,[ecommerce pricing software],15,3,300.00%,12.42,37.25,1,3,0.00%,0,12.42,0
Oct-25,Paused,"""dynamic pricing""",15,0, --,0,0,0,0,0.00%,0,0,0
Nov-25,Paused,"""dynamic pricing""",15,0, --,0,0,0,0,0.00%,0,0,0
Dec-25,Paused,"""dynamic pricing""",15,0, --,0,0,0,0,0.00%,0,0,0
Jan-26,Paused,"""dynamic pricing""",15,0, --,0,0,0,0,0.00%,0,0,0
Feb-26,Paused,"""dynamic pricing""",15,0, --,0,0,0,0,0.00%,0,0,0
Mar-26,Paused,"""dynamic pricing""",15,0, --,0,0,0,0,0.00%,0,0,0
Oct-25,Enabled,[retail pricing software],15,0, --,0,0,0,0,0.00%,0,0,0
Nov-25,Enabled,[retail pricing software],15,0, --,0,0,0,0,0.00%,0,0,0
Dec-25,Enabled,[retail pricing software],15,0, --,0,0,0,0,0.00%,0,0,0
Jan-26,Enabled,[retail pricing software],15,1,6.67%,10.61,10.61,15,1,0.00%,0,10.61,0
Feb-26,Enabled,[retail pricing software],15,0,0.00%,0,0,16,0,0.00%,0,0,0
Mar-26,Enabled,[retail pricing software],15,0,0.00%,0,0,6,0,0.00%,0,0,0
Oct-25,Paused,"""retail pricing software""",15,0, --,0,0,0,0,0.00%,0,0,0
Nov-25,Paused,"""retail pricing software""",15,0, --,0,0,0,0,0.00%,0,0,0
Dec-25,Paused,"""retail pricing software""",15,0, --,0,0,0,0,0.00%,0,0,0
Jan-26,Paused,"""retail pricing software""",15,0, --,0,0,0,0,0.00%,0,0,0
Feb-26,Paused,"""retail pricing software""",15,0, --,0,0,0,0,0.00%,0,0,0
Mar-26,Paused,"""retail pricing software""",15,0, --,0,0,0,0,0.00%,0,0,0
Oct-25,Enabled,[pricing intelligence software],15,0, --,0,0,0,0,0.00%,0,0,0
Nov-25,Enabled,[pricing intelligence software],15,0, --,0,0,0,0,0.00%,0,0,0
Dec-25,Enabled,[pricing intelligence software],15,0, --,0,0,0,0,0.00%,0,0,0
Jan-26,Enabled,[pricing intelligence software],15,2,3.85%,13.72,27.44,52,2,0.00%,0,13.72,0
Feb-26,Enabled,[pricing intelligence software],15,3,9.38%,13.12,39.35,32,3,0.00%,0,13.12,0
Mar-26,Enabled,[pricing intelligence software],15,0,0.00%,0,0,11,0,0.00%,0,0,0
Oct-25,Enabled,[price optimization],18.75,0, --,0,0,0,0,0.00%,0,0,0
Nov-25,Enabled,[price optimization],18.75,0, --,0,0,0,0,0.00%,0,0,0
Dec-25,Enabled,[price optimization],18.75,0, --,0,0,0,0,0.00%,0,0,0
Jan-26,Enabled,[price optimization],18.75,3,2.17%,14.45,43.35,138,3,0.00%,0,14.45,0
Feb-26,Enabled,[price optimization],18.75,3,3.80%,10.66,31.97,79,3,0.00%,0,10.66,0
Mar-26,Enabled,[price optimization],18.75,1,2.27%,14.37,14.37,44,1,0.00%,0,14.37,0
Oct-25,Enabled,[price intelligence],15,0, --,0,0,0,0,0.00%,0,0,0
Nov-25,Enabled,[price intelligence],15,0, --,0,0,0,0,0.00%,0,0,0
Dec-25,Enabled,[price intelligence],15,0, --,0,0,0,0,0.00%,0,0,0
Jan-26,Enabled,[price intelligence],15,3,7.69%,12.39,37.18,39,3,0.00%,0,12.39,0
Feb-26,Enabled,[price intelligence],15,3,18.75%,12.78,38.34,16,3,0.00%,0,12.78,0
Mar-26,Enabled,[price intelligence],15,0,0.00%,0,0,6,0,0.00%,0,0,0
Oct-25,Enabled,[dynamic pricing software],15,0, --,0,0,0,0,0.00%,0,0,0
Nov-25,Enabled,[dynamic pricing software],15,0, --,0,0,0,0,0.00%,0,0,0
Dec-25,Enabled,[dynamic pricing software],15,0, --,0,0,0,0,0.00%,0,0,0
Jan-26,Enabled,[dynamic pricing software],15,5,13.51%,14.46,72.31,37,5,0.00%,0,14.46,0
Feb-26,Enabled,[dynamic pricing software],15,1,3.85%,14.76,14.76,26,1,0.00%,0,14.76,0
Mar-26,Enabled,[dynamic pricing software],15,0,0.00%,0,0,4,0,0.00%,0,0,0
Oct-25,Enabled,[best pricing software],15,0, --,0,0,0,0,0.00%,0,0,0
Nov-25,Enabled,[best pricing software],15,0, --,0,0,0,0,0.00%,0,0,0
Dec-25,Enabled,[best pricing software],15,0, --,0,0,0,0,0.00%,0,0,0
Jan-26,Enabled,[best pricing software],15,4,9.76%,13.48,53.9,41,4,0.00%,0,13.48,0
Feb-26,Enabled,[best pricing software],15,0,0.00%,0,0,6,0,0.00%,0,0,0
Mar-26,Enabled,[best pricing software],15,1,10.00%,14.33,14.33,10,1,0.00%,0,14.33,0
Oct-25,Paused,"""dynamic pricing software""",15,0, --,0,0,0,0,0.00%,0,0,0
Nov-25,Paused,"""dynamic pricing software""",15,0, --,0,0,0,0,0.00%,0,0,0
Dec-25,Paused,"""dynamic pricing software""",15,0, --,0,0,0,0,0.00%,0,0,0
Jan-26,Paused,"""dynamic pricing software""",15,0, --,0,0,0,0,0.00%,0,0,0
Feb-26,Paused,"""dynamic pricing software""",15,0, --,0,0,0,0,0.00%,0,0,0
Mar-26,Paused,"""dynamic pricing software""",15,0, --,0,0,0,0,0.00%,0,0,0
Oct-25,Paused,"""automated pricing""",15,0, --,0,0,0,0,0.00%,0,0,0
Nov-25,Paused,"""automated pricing""",15,0, --,0,0,0,0,0.00%,0,0,0
Dec-25,Paused,"""automated pricing""",15,0, --,0,0,0,0,0.00%,0,0,0
Jan-26,Paused,"""automated pricing""",15,0, --,0,0,0,0,0.00%,0,0,0
Feb-26,Paused,"""automated pricing""",15,0, --,0,0,0,0,0.00%,0,0,0
Mar-26,Paused,"""automated pricing""",15,0, --,0,0,0,0,0.00%,0,0,0
Oct-25,Enabled,[map pricing software],15,0, --,0,0,0,0,0.00%,0,0,0
Nov-25,Enabled,[map pricing software],15,0, --,0,0,0,0,0.00%,0,0,0
Dec-25,Enabled,[map pricing software],15,0, --,0,0,0,0,0.00%,0,0,0
Jan-26,Enabled,[map pricing software],15,0, --,0,0,0,0,0.00%,0,0,0
Feb-26,Enabled,[map pricing software],15,0,0.00%,0,0,2,0,0.00%,0,0,0
Mar-26,Enabled,[map pricing software],15,0, --,0,0,0,0,0.00%,0,0,0
Oct-25,Enabled,[competitor price tracking],18.75,0, --,0,0,0,0,0.00%,0,0,0
Nov-25,Enabled,[competitor price tracking],18.75,0, --,0,0,0,0,0.00%,0,0,0
Dec-25,Enabled,[competitor price tracking],18.75,0, --,0,0,0,0,0.00%,0,0,0
Jan-26,Enabled,[competitor price tracking],18.75,2,4.26%,14.53,29.05,47,2,0.00%,0,14.53,0
Feb-26,Enabled,[competitor price tracking],18.75,3,21.43%,14.68,44.04,14,3,0.00%,0,14.68,0
Mar-26,Enabled,[competitor price tracking],18.75,1,4.76%,18.7,18.7,21,1,0.00%,0,18.7,0
Oct-25,Enabled,[competitor price monitoring],18.75,0, --,0,0,0,0,0.00%,0,0,0
Nov-25,Enabled,[competitor price monitoring],18.75,0, --,0,0,0,0,0.00%,0,0,0
Dec-25,Enabled,[competitor price monitoring],18.75,0, --,0,0,0,0,0.00%,0,0,0
Jan-26,Enabled,[competitor price monitoring],18.75,4,4.30%,14.74,58.95,93,4,0.00%,0,14.74,0
Feb-26,Enabled,[competitor price monitoring],18.75,3,8.57%,14.25,42.75,35,3,0.00%,0,14.25,0
Mar-26,Enabled,[competitor price monitoring],18.75,0,0.00%,0,0,33,0,0.00%,0,0,0
Oct-25,Paused,[price monitoring software],15,0, --,0,0,0,0,0.00%,0,0,0
Nov-25,Paused,[price monitoring software],15,0, --,0,0,0,0,0.00%,0,0,0
Dec-25,Paused,[price monitoring software],15,0, --,0,0,0,0,0.00%,0,0,0
Jan-26,Paused,[price monitoring software],15,15,5.70%,13.53,202.89,263,15,0.00%,0,13.53,0
Feb-26,Paused,[price monitoring software],15,0, --,0,0,0,0,0.00%,0,0,0
Mar-26,Paused,[price monitoring software],15,0, --,0,0,0,0,0.00%,0,0,0
Oct-25,Paused,"""pricing solution""",15,0, --,0,0,0,0,0.00%,0,0,0
Nov-25,Paused,"""pricing solution""",15,0, --,0,0,0,0,0.00%,0,0,0
Dec-25,Paused,"""pricing solution""",15,0, --,0,0,0,0,0.00%,0,0,0
Jan-26,Paused,"""pricing solution""",15,0, --,0,0,0,0,0.00%,0,0,0
Feb-26,Paused,"""pricing solution""",15,0, --,0,0,0,0,0.00%,0,0,0
Mar-26,Paused,"""pricing solution""",15,0, --,0,0,0,0,0.00%,0,0,0
Oct-25,Paused,"""retail pricing""",15,0, --,0,0,0,0,0.00%,0,0,0
Nov-25,Paused,"""retail pricing""",15,0, --,0,0,0,0,0.00%,0,0,0
Dec-25,Paused,"""retail pricing""",15,0, --,0,0,0,0,0.00%,0,0,0
Jan-26,Paused,"""retail pricing""",15,0, --,0,0,0,0,0.00%,0,0,0
Feb-26,Paused,"""retail pricing""",15,0, --,0,0,0,0,0.00%,0,0,0
Mar-26,Paused,"""retail pricing""",15,0, --,0,0,0,0,0.00%,0,0,0
Oct-25,Enabled,[pricing software],18.75,0, --,0,0,0,0,0.00%,0,0,0
Nov-25,Enabled,[pricing software],18.75,0, --,0,0,0,0,0.00%,0,0,0
Dec-25,Enabled,[pricing software],18.75,0, --,0,0,0,0,0.00%,0,0,0
Jan-26,Enabled,[pricing software],18.75,7,4.96%,13.62,95.31,141,7,0.00%,0,13.62,0
Feb-26,Enabled,[pricing software],18.75,2,2.90%,14.63,29.25,69,2,0.00%,0,14.63,0
Mar-26,Enabled,[pricing software],18.75,0,0.00%,0,0,12,0,0.00%,0,0,0
Oct-25,Paused,"""pricing software""",15,0, --,0,0,0,0,0.00%,0,0,0
Nov-25,Paused,"""pricing software""",15,0, --,0,0,0,0,0.00%,0,0,0
Dec-25,Paused,"""pricing software""",15,0, --,0,0,0,0,0.00%,0,0,0
Jan-26,Paused,"""pricing software""",15,0, --,0,0,0,0,0.00%,0,0,0
Feb-26,Paused,"""pricing software""",15,0, --,0,0,0,0,0.00%,0,0,0
Mar-26,Paused,"""pricing software""",15,0, --,0,0,0,0,0.00%,0,0,0
Oct-25,Enabled,"""omnia competitor""",15,0, --,0,0,0,0,0.00%,0,0,0
Nov-25,Enabled,"""omnia competitor""",15,0, --,0,0,0,0,0.00%,0,0,0
Dec-25,Enabled,"""omnia competitor""",15,0, --,0,0,0,0,0.00%,0,0,0
Jan-26,Enabled,"""omnia competitor""",15,0,0.00%,0,0,2,0,0.00%,0,0,0
Feb-26,Enabled,"""omnia competitor""",15,0, --,0,0,0,0,0.00%,0,0,0
Mar-26,Enabled,"""omnia competitor""",15,0, --,0,0,0,0,0.00%,0,0,0
Oct-25,Enabled,"""pricing tools like omnia""",15,0, --,0,0,0,0,0.00%,0,0,0
Nov-25,Enabled,"""pricing tools like omnia""",15,0, --,0,0,0,0,0.00%,0,0,0
Dec-25,Enabled,"""pricing tools like omnia""",15,0, --,0,0,0,0,0.00%,0,0,0
Jan-26,Enabled,"""pricing tools like omnia""",15,0, --,0,0,0,0,0.00%,0,0,0
Feb-26,Enabled,"""pricing tools like omnia""",15,0, --,0,0,0,0,0.00%,0,0,0
Mar-26,Enabled,"""pricing tools like omnia""",15,0, --,0,0,0,0,0.00%,0,0,0
Oct-25,Enabled,"""omnia vs""",15,0, --,0,0,0,0,0.00%,0,0,0
Nov-25,Enabled,"""omnia vs""",15,0,0.00%,0,0,1,0,0.00%,0,0,0
Dec-25,Enabled,"""omnia vs""",15,0, --,0,0,0,0,0.00%,0,0,0
Jan-26,Enabled,"""omnia vs""",15,0, --,0,0,0,0,0.00%,0,0,0
Feb-26,Enabled,"""omnia vs""",15,0, --,0,0,0,0,0.00%,0,0,0
Mar-26,Enabled,"""omnia vs""",15,0, --,0,0,0,0,0.00%,0,0,0
Oct-25,Enabled,"""omnia pricing""",15,0,0.00%,0,0,54,0,0.00%,0,0,0
Nov-25,Enabled,"""omnia pricing""",15,1,2.70%,14.99,14.99,37,1,0.00%,0,14.99,0
Dec-25,Enabled,"""omnia pricing""",15,1,1.92%,14.67,14.67,52,1,0.00%,0,14.67,0
Jan-26,Enabled,"""omnia pricing""",15,1,1.89%,14.76,14.76,53,1,0.00%,0,14.76,0
Feb-26,Enabled,"""omnia pricing""",15,0,0.00%,0,0,19,0,0.00%,0,0,0
Mar-26,Enabled,"""omnia pricing""",15,0,0.00%,0,0,2,0,0.00%,0,0,0
Oct-25,Enabled,"""omnia alternative""",15,0,0.00%,0,0,11,0,0.00%,0,0,0
Nov-25,Enabled,"""omnia alternative""",15,0,0.00%,0,0,7,0,0.00%,0,0,0
Dec-25,Enabled,"""omnia alternative""",15,1,7.14%,14.97,14.97,14,1,0.00%,0,14.97,0
Jan-26,Enabled,"""omnia alternative""",15,0,0.00%,0,0,25,0,0.00%,0,0,0
Feb-26,Enabled,"""omnia alternative""",15,0,0.00%,0,0,8,0,0.00%,0,0,0
Mar-26,Enabled,"""omnia alternative""",15,0,0.00%,0,0,2,0,0.00%,0,0,0
Oct-25,Enabled,"""omnia dynamic pricing""",15,0,0.00%,0,0,7,0,0.00%,0,0,0
Nov-25,Enabled,"""omnia dynamic pricing""",15,0,0.00%,0,0,10,0,0.00%,0,0,0
Dec-25,Enabled,"""omnia dynamic pricing""",15,0,0.00%,0,0,6,0,0.00%,0,0,0
Jan-26,Enabled,"""omnia dynamic pricing""",15,0,0.00%,0,0,12,0,0.00%,0,0,0
Feb-26,Enabled,"""omnia dynamic pricing""",15,0,0.00%,0,0,6,0,0.00%,0,0,0
Mar-26,Enabled,"""omnia dynamic pricing""",15,0,0.00%,0,0,3,0,0.00%,0,0,0
Oct-25,Enabled,"""omnia price""",15,1,6.25%,14.93,14.93,16,1,0.00%,0,14.93,0
Nov-25,Enabled,"""omnia price""",15,0,0.00%,0,0,18,0,0.00%,0,0,0
Dec-25,Enabled,"""omnia price""",15,1,4.35%,13.82,13.82,23,1,0.00%,0,13.82,0
Jan-26,Enabled,"""omnia price""",15,2,10.00%,14.64,29.28,20,2,0.00%,0,14.64,0
Feb-26,Enabled,"""omnia price""",15,1,4.35%,13.99,13.99,23,1,0.00%,0,13.99,0
Mar-26,Enabled,"""omnia price""",15,0, --,0,0,0,0,0.00%,0,0,0
Oct-25,Enabled,"""omnia retail""",15,4,2.20%,14.82,59.26,182,4,0.00%,0,14.82,0
Nov-25,Enabled,"""omnia retail""",15,7,3.85%,13.32,93.23,182,7,0.00%,0,13.32,0
Dec-25,Enabled,"""omnia retail""",15,5,3.27%,13.22,66.08,153,5,0.00%,0,13.22,0
Jan-26,Enabled,"""omnia retail""",15,7,2.69%,12.85,89.97,260,7,0.00%,0,12.85,0
Feb-26,Enabled,"""omnia retail""",15,4,2.94%,14.71,58.85,136,4,0.00%,0,14.71,0
Mar-26,Enabled,"""omnia retail""",15,2,3.45%,12.12,24.23,58,2,0.00%,0,12.12,0
Oct-25,Enabled,"""pricing tools like 7learnings""",15,0, --,0,0,0,0,0.00%,0,0,0
Nov-25,Enabled,"""pricing tools like 7learnings""",15,0, --,0,0,0,0,0.00%,0,0,0
Dec-25,Enabled,"""pricing tools like 7learnings""",15,0, --,0,0,0,0,0.00%,0,0,0
Jan-26,Enabled,"""pricing tools like 7learnings""",15,0, --,0,0,0,0,0.00%,0,0,0
Feb-26,Enabled,"""pricing tools like 7learnings""",15,0, --,0,0,0,0,0.00%,0,0,0
Mar-26,Enabled,"""pricing tools like 7learnings""",15,0, --,0,0,0,0,0.00%,0,0,0
Oct-25,Enabled,"""7learnings vs""",15,0, --,0,0,0,0,0.00%,0,0,0
Nov-25,Enabled,"""7learnings vs""",15,0, --,0,0,0,0,0.00%,0,0,0
Dec-25,Enabled,"""7learnings vs""",15,0, --,0,0,0,0,0.00%,0,0,0
Jan-26,Enabled,"""7learnings vs""",15,0, --,0,0,0,0,0.00%,0,0,0
Feb-26,Enabled,"""7learnings vs""",15,0, --,0,0,0,0,0.00%,0,0,0
Mar-26,Enabled,"""7learnings vs""",15,0, --,0,0,0,0,0.00%,0,0,0
Oct-25,Enabled,"""7learnings price""",15,0,0.00%,0,0,2,0,0.00%,0,0,0
Nov-25,Enabled,"""7learnings price""",15,0,0.00%,0,0,10,0,0.00%,0,0,0
Dec-25,Enabled,"""7learnings price""",15,0,0.00%,0,0,12,0,0.00%,0,0,0
Jan-26,Enabled,"""7learnings price""",15,0, --,0,0,0,0,0.00%,0,0,0
Feb-26,Enabled,"""7learnings price""",15,0, --,0,0,0,0,0.00%,0,0,0
Mar-26,Enabled,"""7learnings price""",15,0, --,0,0,0,0,0.00%,0,0,0
Oct-25,Enabled,"""7learnings competitor""",15,0, --,0,0,0,0,0.00%,0,0,0
Nov-25,Enabled,"""7learnings competitor""",15,0, --,0,0,0,0,0.00%,0,0,0
Dec-25,Enabled,"""7learnings competitor""",15,0, --,0,0,0,0,0.00%,0,0,0
Jan-26,Enabled,"""7learnings competitor""",15,0, --,0,0,0,0,0.00%,0,0,0
Feb-26,Enabled,"""7learnings competitor""",15,0, --,0,0,0,0,0.00%,0,0,0
Mar-26,Enabled,"""7learnings competitor""",15,0, --,0,0,0,0,0.00%,0,0,0
Oct-25,Enabled,"""7learnings retail""",15,0,0.00%,0,0,6,0,0.00%,0,0,0
Nov-25,Enabled,"""7learnings retail""",15,3,3.37%,12.52,37.56,89,3,0.00%,0,12.52,0
Dec-25,Enabled,"""7learnings retail""",15,7,4.55%,14.6,102.19,154,7,0.00%,0,14.6,0
Jan-26,Enabled,"""7learnings retail""",15,21,6.14%,14.26,299.5,342,21,0.00%,0,14.26,0
Feb-26,Enabled,"""7learnings retail""",15,17,6.88%,14.16,240.74,247,17,0.00%,0,14.16,0
Mar-26,Enabled,"""7learnings retail""",15,5,8.20%,13.56,67.8,61,5,0.00%,0,13.56,0
Oct-25,Enabled,"""7learnings dynamic pricing""",15,0,0.00%,0,0,1,0,0.00%,0,0,0
Nov-25,Enabled,"""7learnings dynamic pricing""",15,0, --,0,0,0,0,0.00%,0,0,0
Dec-25,Enabled,"""7learnings dynamic pricing""",15,0, --,0,0,0,0,0.00%,0,0,0
Jan-26,Enabled,"""7learnings dynamic pricing""",15,0, --,0,0,0,0,0.00%,0,0,0
Feb-26,Enabled,"""7learnings dynamic pricing""",15,0, --,0,0,0,0,0.00%,0,0,0
Mar-26,Enabled,"""7learnings dynamic pricing""",15,0, --,0,0,0,0,0.00%,0,0,0
Oct-25,Enabled,"""7learnings alternative""",15,0, --,0,0,0,0,0.00%,0,0,0
Nov-25,Enabled,"""7learnings alternative""",15,0, --,0,0,0,0,0.00%,0,0,0
Dec-25,Enabled,"""7learnings alternative""",15,0, --,0,0,0,0,0.00%,0,0,0
Jan-26,Enabled,"""7learnings alternative""",15,0, --,0,0,0,0,0.00%,0,0,0
Feb-26,Enabled,"""7learnings alternative""",15,0, --,0,0,0,0,0.00%,0,0,0
Mar-26,Enabled,"""7learnings alternative""",15,0, --,0,0,0,0,0.00%,0,0,0
Oct-25,Enabled,"""7learnings pricing""",15,4,5.26%,13.97,55.88,76,4,0.00%,0,13.97,0
Nov-25,Enabled,"""7learnings pricing""",15,0,0.00%,0,0,3,0,0.00%,0,0,0
Dec-25,Enabled,"""7learnings pricing""",15,0,0.00%,0,0,7,0,0.00%,0,0,0
Jan-26,Enabled,"""7learnings pricing""",15,0, --,0,0,0,0,0.00%,0,0,0
Feb-26,Enabled,"""7learnings pricing""",15,0,0.00%,0,0,13,0,0.00%,0,0,0
Mar-26,Enabled,"""7learnings pricing""",15,0,0.00%,0,0,4,0,0.00%,0,0,0
Oct-25,Enabled,"""revionics competitor""",15,0, --,0,0,0,0,0.00%,0,0,0
Nov-25,Enabled,"""revionics competitor""",15,0, --,0,0,0,0,0.00%,0,0,0
Dec-25,Enabled,"""revionics competitor""",15,0, --,0,0,0,0,0.00%,0,0,0
Jan-26,Enabled,"""revionics competitor""",15,0, --,0,0,0,0,0.00%,0,0,0
Feb-26,Enabled,"""revionics competitor""",15,0, --,0,0,0,0,0.00%,0,0,0
Mar-26,Enabled,"""revionics competitor""",15,0, --,0,0,0,0,0.00%,0,0,0
Oct-25,Enabled,"""revionics dynamic pricing""",15,0, --,0,0,0,0,0.00%,0,0,0
Nov-25,Enabled,"""revionics dynamic pricing""",15,0, --,0,0,0,0,0.00%,0,0,0
Dec-25,Enabled,"""revionics dynamic pricing""",15,0, --,0,0,0,0,0.00%,0,0,0
Jan-26,Enabled,"""revionics dynamic pricing""",15,0, --,0,0,0,0,0.00%,0,0,0
Feb-26,Enabled,"""revionics dynamic pricing""",15,0, --,0,0,0,0,0.00%,0,0,0
Mar-26,Enabled,"""revionics dynamic pricing""",15,0, --,0,0,0,0,0.00%,0,0,0
Oct-25,Enabled,"""revionics price""",15,0, --,0,0,0,0,0.00%,0,0,0
Nov-25,Enabled,"""revionics price""",15,0, --,0,0,0,0,0.00%,0,0,0
Dec-25,Enabled,"""revionics price""",15,0, --,0,0,0,0,0.00%,0,0,0
Jan-26,Enabled,"""revionics price""",15,0, --,0,0,0,0,0.00%,0,0,0
Feb-26,Enabled,"""revionics price""",15,0,0.00%,0,0,1,0,0.00%,0,0,0
Mar-26,Enabled,"""revionics price""",15,0, --,0,0,0,0,0.00%,0,0,0
Oct-25,Enabled,"""pricing tools like revionics""",15,0, --,0,0,0,0,0.00%,0,0,0
Nov-25,Enabled,"""pricing tools like revionics""",15,0, --,0,0,0,0,0.00%,0,0,0
Dec-25,Enabled,"""pricing tools like revionics""",15,0, --,0,0,0,0,0.00%,0,0,0
Jan-26,Enabled,"""pricing tools like revionics""",15,0, --,0,0,0,0,0.00%,0,0,0
Feb-26,Enabled,"""pricing tools like revionics""",15,0, --,0,0,0,0,0.00%,0,0,0
Mar-26,Enabled,"""pricing tools like revionics""",15,0, --,0,0,0,0,0.00%,0,0,0
Oct-25,Enabled,"""revionics retail""",15,0,0.00%,0,0,10,0,0.00%,0,0,0
Nov-25,Enabled,"""revionics retail""",15,5,3.14%,14.29,71.47,159,5,0.00%,0,14.29,0
Dec-25,Enabled,"""revionics retail""",15,13,4.89%,13.94,181.21,266,13,0.00%,0,13.94,0
Jan-26,Enabled,"""revionics retail""",15,14,4.47%,13.85,193.84,313,14,0.00%,0,13.85,0
Feb-26,Enabled,"""revionics retail""",15,8,5.97%,13.17,105.38,134,8,0.00%,0,13.17,0
Mar-26,Enabled,"""revionics retail""",15,3,5.26%,13.63,40.9,57,3,0.00%,0,13.63,0
Oct-25,Enabled,"""revionics pricing""",15,5,1.97%,13.59,67.94,254,5,0.00%,0,13.59,0
Nov-25,Enabled,"""revionics pricing""",15,3,3.57%,10.61,31.82,84,3,0.00%,0,10.61,0
Dec-25,Enabled,"""revionics pricing""",15,1,3.70%,14.77,14.77,27,1,0.00%,0,14.77,0
Jan-26,Enabled,"""revionics pricing""",15,0, --,0,0,0,0,0.00%,0,0,0
Feb-26,Enabled,"""revionics pricing""",15,1,8.33%,14.93,14.93,12,1,0.00%,0,14.93,0
Mar-26,Enabled,"""revionics pricing""",15,0,0.00%,0,0,3,0,0.00%,0,0,0
Oct-25,Enabled,"""revionics vs""",15,0, --,0,0,0,0,0.00%,0,0,0
Nov-25,Enabled,"""revionics vs""",15,0, --,0,0,0,0,0.00%,0,0,0
Dec-25,Enabled,"""revionics vs""",15,0, --,0,0,0,0,0.00%,0,0,0
Jan-26,Enabled,"""revionics vs""",15,0, --,0,0,0,0,0.00%,0,0,0
Feb-26,Enabled,"""revionics vs""",15,0, --,0,0,0,0,0.00%,0,0,0
Mar-26,Enabled,"""revionics vs""",15,0,0.00%,0,0,1,0,0.00%,0,0,0
Oct-25,Enabled,"""revionics alternative""",15,0, --,0,0,0,0,0.00%,0,0,0
Nov-25,Enabled,"""revionics alternative""",15,0, --,0,0,0,0,0.00%,0,0,0
Dec-25,Enabled,"""revionics alternative""",15,0, --,0,0,0,0,0.00%,0,0,0
Jan-26,Enabled,"""revionics alternative""",15,0, --,0,0,0,0,0.00%,0,0,0
Feb-26,Enabled,"""revionics alternative""",15,0, --,0,0,0,0,0.00%,0,0,0
Mar-26,Enabled,"""revionics alternative""",15,0, --,0,0,0,0,0.00%,0,0,0
Oct-25,Enabled,"""pricefx dynamic pricing""",15,1,2.70%,14.56,14.56,37,1,0.00%,0,14.56,0
Nov-25,Enabled,"""pricefx dynamic pricing""",15,6,5.13%,14.27,85.6,117,6,0.00%,0,14.27,0
Dec-25,Enabled,"""pricefx dynamic pricing""",15,1,2.17%,14.99,14.99,46,1,0.00%,0,14.99,0
Jan-26,Enabled,"""pricefx dynamic pricing""",15,0,0.00%,0,0,16,0,0.00%,0,0,0
Feb-26,Enabled,"""pricefx dynamic pricing""",15,1,4.17%,14.88,14.88,24,1,0.00%,0,14.88,0
Mar-26,Enabled,"""pricefx dynamic pricing""",15,0, --,0,0,0,0,0.00%,0,0,0
Oct-25,Enabled,"""pricing tools like pricefx""",15,0, --,0,0,0,0,0.00%,0,0,0
Nov-25,Enabled,"""pricing tools like pricefx""",15,0, --,0,0,0,0,0.00%,0,0,0
Dec-25,Enabled,"""pricing tools like pricefx""",15,0, --,0,0,0,0,0.00%,0,0,0
Jan-26,Enabled,"""pricing tools like pricefx""",15,0, --,0,0,0,0,0.00%,0,0,0
Feb-26,Enabled,"""pricing tools like pricefx""",15,0, --,0,0,0,0,0.00%,0,0,0
Mar-26,Enabled,"""pricing tools like pricefx""",15,0, --,0,0,0,0,0.00%,0,0,0
Oct-25,Enabled,"""pricefx vs""",15,0,0.00%,0,0,2,0,0.00%,0,0,0
Nov-25,Enabled,"""pricefx vs""",15,0,0.00%,0,0,9,0,0.00%,0,0,0
Dec-25,Enabled,"""pricefx vs""",15,0,0.00%,0,0,1,0,0.00%,0,0,0
Jan-26,Enabled,"""pricefx vs""",15,0, --,0,0,0,0,0.00%,0,0,0
Feb-26,Enabled,"""pricefx vs""",15,0, --,0,0,0,0,0.00%,0,0,0
Mar-26,Enabled,"""pricefx vs""",15,0, --,0,0,0,0,0.00%,0,0,0
Oct-25,Enabled,"""pricefx retail""",15,0, --,0,0,0,0,0.00%,0,0,0
Nov-25,Enabled,"""pricefx retail""",15,0,0.00%,0,0,64,0,0.00%,0,0,0
Dec-25,Enabled,"""pricefx retail""",15,1,0.59%,14.63,14.63,169,1,0.00%,0,14.63,0
Jan-26,Enabled,"""pricefx retail""",15,4,3.13%,14.6,58.4,128,4,0.00%,0,14.6,0
Feb-26,Enabled,"""pricefx retail""",15,0,0.00%,0,0,42,0,0.00%,0,0,0
Mar-26,Enabled,"""pricefx retail""",15,0, --,0,0,0,0,0.00%,0,0,0
Oct-25,Enabled,[pricefx pricing],15,13,4.29%,13.4,174.2,303,13,15.38%,2,13.4,87.1
Nov-25,Enabled,[pricefx pricing],15,0, --,0,0,0,0,0.00%,0,0,0
Dec-25,Enabled,[pricefx pricing],15,0,0.00%,0,0,2,0,0.00%,0,0,0
Jan-26,Enabled,[pricefx pricing],15,1,2.56%,14.6,14.6,39,1,0.00%,0,14.6,0
Feb-26,Enabled,[pricefx pricing],15,2,1.92%,12.34,24.68,104,2,0.00%,0,12.34,0
Mar-26,Enabled,[pricefx pricing],15,1,14.29%,14.87,14.87,7,1,0.00%,0,14.87,0
Oct-25,Enabled,"""pricefx competitor""",15,0, --,0,0,0,0,0.00%,0,0,0
Nov-25,Enabled,"""pricefx competitor""",15,0,0.00%,0,0,3,0,0.00%,0,0,0
Dec-25,Enabled,"""pricefx competitor""",15,0, --,0,0,0,0,0.00%,0,0,0
Jan-26,Enabled,"""pricefx competitor""",15,0,0.00%,0,0,5,0,0.00%,0,0,0
Feb-26,Enabled,"""pricefx competitor""",15,0, --,0,0,0,0,0.00%,0,0,0
Mar-26,Enabled,"""pricefx competitor""",15,0, --,0,0,0,0,0.00%,0,0,0
Oct-25,Enabled,[pricefx price],15,39,5.80%,13.47,525.2,672,39,0.00%,0,13.47,0
Nov-25,Enabled,[pricefx price],15,42,4.51%,13.05,548.29,932,42,0.00%,0,13.05,0
Dec-25,Enabled,[pricefx price],15,31,3.56%,13.74,425.94,870,31,0.00%,0,13.74,0
Jan-26,Enabled,[pricefx price],15,58,4.77%,14.08,816.61,"1,217",58,0.00%,0,14.08,0
Feb-26,Enabled,[pricefx price],15,32,5.03%,13.6,435.14,636,32,0.00%,0,13.6,0
Mar-26,Enabled,[pricefx price],15,3,2.04%,14.47,43.42,147,3,0.00%,0,14.47,0
Oct-25,Enabled,"""pricefx alternative""",15,0, --,0,0,0,0,0.00%,0,0,0
Nov-25,Enabled,"""pricefx alternative""",15,0, --,0,0,0,0,0.00%,0,0,0
Dec-25,Enabled,"""pricefx alternative""",15,0, --,0,0,0,0,0.00%,0,0,0
Jan-26,Enabled,"""pricefx alternative""",15,0, --,0,0,0,0,0.00%,0,0,0
Feb-26,Enabled,"""pricefx alternative""",15,0, --,0,0,0,0,0.00%,0,0,0
Mar-26,Enabled,"""pricefx alternative""",15,0, --,0,0,0,0,0.00%,0,0,0
Oct-25,Paused,quickziard,2,0, --,0,0,0,0,0.00%,0,0,0
Nov-25,Paused,quickziard,2,0, --,0,0,0,0,0.00%,0,0,0
Dec-25,Paused,quickziard,2,0, --,0,0,0,0,0.00%,0,0,0
Jan-26,Paused,quickziard,2,0, --,0,0,0,0,0.00%,0,0,0
Feb-26,Paused,quickziard,2,0, --,0,0,0,0,0.00%,0,0,0
Mar-26,Paused,quickziard,2,0, --,0,0,0,0,0.00%,0,0,0
Oct-25,Paused,OuickLizard,2,0, --,0,0,0,0,0.00%,0,0,0
Nov-25,Paused,OuickLizard,2,0, --,0,0,0,0,0.00%,0,0,0
Dec-25,Paused,OuickLizard,2,0, --,0,0,0,0,0.00%,0,0,0
Jan-26,Paused,OuickLizard,2,0, --,0,0,0,0,0.00%,0,0,0
Feb-26,Paused,OuickLizard,2,0, --,0,0,0,0,0.00%,0,0,0
Mar-26,Paused,OuickLizard,2,0, --,0,0,0,0,0.00%,0,0,0
Oct-25,Paused,[quickziard],2,0, --,0,0,0,0,0.00%,0,0,0
Nov-25,Paused,[quickziard],2,0, --,0,0,0,0,0.00%,0,0,0
Dec-25,Paused,[quickziard],2,0, --,0,0,0,0,0.00%,0,0,0
Jan-26,Paused,[quickziard],2,0, --,0,0,0,0,0.00%,0,0,0
Feb-26,Paused,[quickziard],2,0, --,0,0,0,0,0.00%,0,0,0
Mar-26,Paused,[quickziard],2,0, --,0,0,0,0,0.00%,0,0,0
Oct-25,Paused,[OuickLizard],2,0, --,0,0,0,0,0.00%,0,0,0
Nov-25,Paused,[OuickLizard],2,0, --,0,0,0,0,0.00%,0,0,0
Dec-25,Paused,[OuickLizard],2,0, --,0,0,0,0,0.00%,0,0,0
Jan-26,Paused,[OuickLizard],2,0, --,0,0,0,0,0.00%,0,0,0
Feb-26,Paused,[OuickLizard],2,0, --,0,0,0,0,0.00%,0,0,0
Mar-26,Paused,[OuickLizard],2,0, --,0,0,0,0,0.00%,0,0,0
Oct-25,Enabled,"""Quicklizard""",15,85,34.98%,6.8,578.07,243,85,0.00%,0,6.8,0
Nov-25,Enabled,"""Quicklizard""",15,185,23.54%,5.59,1034.89,786,185,0.00%,0,5.59,0
Dec-25,Enabled,"""Quicklizard""",15,128,21.19%,5.84,747.11,604,128,0.00%,0,5.84,0
Jan-26,Enabled,"""Quicklizard""",15,184,23.83%,6.14,1130.56,772,184,0.00%,0,6.14,0
Feb-26,Enabled,"""Quicklizard""",15,128,25.86%,7.9,1011.54,495,128,0.00%,0,7.9,0
Mar-26,Enabled,"""Quicklizard""",15,34,26.77%,7.75,263.4,127,34,0.00%,0,7.75,0
Oct-25,Enabled,Quicklizard,0.01,0, --,0,0,0,0,0.00%,0,0,0
Nov-25,Enabled,Quicklizard,0.01,0, --,0,0,0,0,0.00%,0,0,0
Dec-25,Enabled,Quicklizard,0.01,0, --,0,0,0,0,0.00%,0,0,0
Jan-26,Enabled,Quicklizard,0.01,0, --,0,0,0,0,0.00%,0,0,0
Feb-26,Enabled,Quicklizard,0.01,0, --,0,0,0,0,0.00%,0,0,0
Mar-26,Enabled,Quicklizard,0.01,0, --,0,0,0,0,0.00%,0,0,0
