Top pages,Clicks,Impressions,CTR,Position
https://quicklizard.com/,1181,41829,2.82%,10.53
https://quicklizard.com/careers/,163,8100,2.01%,4.51
https://quicklizard.com/en/,116,7841,1.48%,13.79
https://quicklizard.com/about-us/,100,8009,1.25%,3.53
https://quicklizard.com/de/,98,1771,5.53%,7.7
https://quicklizard.com/blog/retailer-insights-strikethrough-pricing-the-90-day-rule/,37,4766,0.78%,8.01
https://quicklizard.com/de/blog/was-ist-preiselastizitat-und-welche-auswirkungen-hat-sie-auf-den-einzelhandel/,29,14420,0.2%,8.38
https://quicklizard.com/en/careers/,27,513,5.26%,2.66
https://quicklizard.com/blog/what-is-price-elasticity-how-does-it-impact-retail/,25,17148,0.15%,10.1
https://quicklizard.com/pricing/,16,9872,0.16%,4.39
https://quicklizard.com/brands/,12,4281,0.28%,3.88
https://quicklizard.com/blog/understanding-your-ai/,12,1792,0.67%,3.5
https://quicklizard.com/wp-content/uploads/2021/12/price-elasticity-ebook.pdf,10,4470,0.22%,8.44
https://quicklizard.com/newsroom/,9,1646,0.55%,6.26
https://quicklizard.com/blog/retail-enters-the-agent-era-ucp-acp-and-the-rise-of-agentic-commerce/,9,1144,0.79%,8.39
https://quicklizard.com/de/uber-uns/,9,519,1.73%,4.68
https://quicklizard.com/wp-content/uploads/2022/02/Ebook_Product-Classification.pdf,8,4242,0.19%,11.41
https://quicklizard.com/pricing-blog/,8,3573,0.22%,7.26
https://quicklizard.com/events/,7,969,0.72%,8.14
https://quicklizard.com/wp-content/uploads/2024/11/Sephora-Case-Study.pdf,7,483,1.45%,8.39
https://quicklizard.com/partners/,6,1085,0.55%,7
https://quicklizard.com/en/about-us/,6,517,1.16%,3.43
https://quicklizard.com/de/blog/author/fabianquicklizard-com/,6,18,33.33%,5.17
https://quicklizard.com/blog/the-quicklizard-story/,5,1039,0.48%,6.24
https://quicklizard.com/terms-of-service/,5,651,0.77%,7.25
https://quicklizard.com/en/blog/what-is-price-elasticity-how-does-it-impact-retail/,4,3328,0.12%,10.18
https://quicklizard.com/en/blog/retailer-insights-strikethrough-pricing-the-90-day-rule/,4,998,0.4%,9.52
https://quicklizard.com/blog/how-should-eu-retailers-respond-to-us-tariffs/,4,851,0.47%,7.26
https://quicklizard.com/en/pricing/,4,656,0.61%,2.94
"https://quicklizard.com/en/blog/retail-enters-the-agent-era-ucp-acp-and-the-rise-of-agentic-commerce/?_gl=1*juwvat*_up*MQ..*_ga*MzIwMzE5Mzg4LjE3NjgzOTIyNTA.*_ga_G8K3TBGZFK*czE3NjgzOTIyNDkkbzEkZzEkdDE3NjgzOTIzMzAkajYwJGwwJGgw&utm_medium=ppc&utm_source=adwords&utm_campaign=20758312987&campaignid=20758312987&adgroupid=156999330602&adid=698224779038&matchtype=e&network=g&device=c&keyword=pricing 
tools&gclid=EAIaIQobChMIv7HW3aqRjAMVOoJaBR2V6x88EAMYASAAEgJUrvD_BwE&utm_term=pricing 
tools",4,360,1.11%,7.77
https://quicklizard.com/de/blog/retailer-insights-strikethrough-pricing-the-90-day-rule/,4,283,1.41%,8.96
https://quicklizard.com/blog/gartners-dynamic-pricing-adoption/,4,279,1.43%,16.87
https://quicklizard.com/en/terms-of-service/,4,270,1.48%,11.56
https://quicklizard.com/career-marketing-associate/,4,260,1.54%,6.48
https://quicklizard.com/pricing-guru/,3,4145,0.07%,7.44
https://quicklizard.com/blog/surge-pricing-your-taxi/,3,1990,0.15%,8.12
https://quicklizard.com/blog/author/pini/,3,934,0.32%,5.05
https://quicklizard.com/blog/how-to-get-started-with-dynamic-pricing/,3,897,0.33%,21.44
https://quicklizard.com/en/blog/paypal-integrates-with-chatgpt/,3,471,0.64%,8.19
https://quicklizard.com/en/blog/author/pini/,3,447,0.67%,5.39
https://quicklizard.com/wp-content/uploads/2024/11/Sephora-Case_Study.pdf,3,325,0.92%,4.26
https://quicklizard.com/blog/author/pini/?utm_campaign=13310734472&campaignid=13310734472&adgroupid=134875972466&adid=611093176788&network=d&device=c&placement=dengi.ua&gclid=EAIaIQobChMIhvXt7uak-QIVWTDgCh27hgt3EAEYASAAEgKvTfD_BwE,3,155,1.94%,4.48
https://quicklizard.com/blog/dynamic-pricing-software-how-it-works-and-how-to-choose/,2,5827,0.03%,13.05
https://quicklizard.com/resources/,2,2494,0.08%,3.15
https://quicklizard.com/blog/the-rise-of-pricing-moments/,2,988,0.2%,7.47
https://quicklizard.com/de/blog/wie-sie-eine-preisgestaltungsplattform-fur-ihr-unternehmen-auswahlen/,2,864,0.23%,6.64
https://quicklizard.com/quicklizard-ltd/,2,689,0.29%,5.09
https://quicklizard.com/blog/dynamic-pricing-done-right/,2,649,0.31%,8.2
https://quicklizard.com/de/blog/auswahl-der-richtigen-preissoftware-ein-technischer-leitfaden/,2,452,0.44%,20.08
https://quicklizard.com/de/blog/der-richtige-preis-fur-den-perfekten-schuh/,2,410,0.49%,8.19
https://quicklizard.com/de/blog/die-herausforderung-der-preisgestaltung-im-supermarkt/,2,372,0.54%,8.43
https://quicklizard.com/career-qa-tester/,2,177,1.13%,5.53
https://quicklizard.com/en/blog/the-quicklizard-story/,2,175,1.14%,7.41
https://quicklizard.com/de/blog/surge-pricing-fur-ihr-taxi/,2,151,1.32%,9.36
https://quicklizard.com/blog/google-shopify-and-the-agent-abstraction/,2,137,1.46%,7.68
https://quicklizard.com/en/blog/author/fabianquicklizard-com/?utm_campaign=13310734472&campaignid=13310734472&adgroupid=134875972466&adid=611093176788&network=d&device=c&placement=dengi.ua&gclid=EAIaIQobChMIhvXt7uak-QIVWTDgCh27hgt3EAEYASAAEgKvTfD_BwE,2,21,9.52%,11.05
https://quicklizard.com/retailers/,1,4188,0.02%,5.03
https://quicklizard.com/blog/the-four-waves-of-shopping-agentic-pricing/,1,1443,0.07%,5.98
https://quicklizard.com/wp-content/uploads/2022/04/Ebook_Normalizing-demand-using-price.pdf,1,1329,0.08%,8.41
https://quicklizard.com/en/blog/what-should-you-look-for-in-a-modern-dynamic-pricing-platform/,1,997,0.1%,9.94
https://quicklizard.com/de/blog/what-should-you-look-for-in-a-modern-dynamic-pricing-platform/,1,973,0.1%,5.61
https://quicklizard.com/resources-case-studies/,1,887,0.11%,8.64
https://quicklizard.com/blog/how-can-an-ai-dynamic-pricing-platform-drive-success/,1,472,0.21%,24.78
https://quicklizard.com/blog/should-different-channels-have-different-prices/,1,347,0.29%,9.9
https://quicklizard.com/en/blog/sky-high-potential-dynamic-pricing-airlines/,1,308,0.32%,48.37
https://quicklizard.com/travel/,1,298,0.34%,10.77
https://quicklizard.com/blog/develop-a-more-agile-and-resilient-organization-with-a-i-driven-dynamic-pricing/,1,296,0.34%,12.5
https://quicklizard.com/blog/the-five-stages-of-your-dynamic-pricing-journey/,1,295,0.34%,16.83
https://quicklizard.com/de/pricing-blog/,1,264,0.38%,14.64
https://quicklizard.com/en/blog/how-to-select-a-pricing-platform-for-your-business/2/,1,261,0.38%,6.68
https://quicklizard.com/blog/can-grocery-stores-afford-dynamic-pricing/,1,233,0.43%,13.96
https://quicklizard.com/career-customer-success-manager-old/,1,225,0.44%,8.47
https://quicklizard.com/privacy-policy/,1,217,0.46%,4.88
https://quicklizard.com/de/blog/dont-panic-surviving-the-tariff-surge-with-smarter-pricing/,1,210,0.48%,9.69
https://quicklizard.com/blog/category/pricing-software/,1,202,0.5%,7.99
https://quicklizard.com/de/blog/optimierung-der-preisgestaltung-im-einzelhandel-durch-maschinelles-lernen/,1,186,0.54%,41.51
https://quicklizard.com/en/blog/understanding-your-ai/,1,169,0.59%,4.13
https://quicklizard.com/en/blog/vertical-practices-and-trends-in-dynamic-pricing-for-grocery-stores/3/,1,169,0.59%,12.6
https://quicklizard.com/blog/product-classification/,1,159,0.63%,47.46
https://quicklizard.com/blog/quicklizard-recognized-as-a-representative-vendor-in-gartner-market-guide-for-retail-uppmo-applications/,1,146,0.68%,17.92
https://quicklizard.com/en/travel/,1,113,0.88%,26.07
https://quicklizard.com/blog/the-four-waves-of-shopping-how-agentic-pricing-is-redefining-retail/,1,109,0.92%,5.26
https://quicklizard.com/de/blog/paypal-integrates-with-chatgpt/,1,103,0.97%,11.54
https://quicklizard.com/en/support/,1,70,1.43%,5.99
https://quicklizard.com/en/career-marketing-associate/,1,65,1.54%,7.72
https://quicklizard.com/wp-content/uploads/2023/12/one-pager-green.pdf,1,55,1.82%,2.31
https://quicklizard.com/en/blog/online-travel-agency-case-study/,1,53,1.89%,19.32
https://quicklizard.com/blog/dynamic-pricing-for-the-marketing-team/,1,46,2.17%,8.5
https://quicklizard.com/blog/omnichannel-inventory-allocation/,1,45,2.22%,12.33
https://quicklizard.com/blog/elkjop-case-study/,1,45,2.22%,13.04
https://quicklizard.com/de/blog/die-quicklizard-geschichte/,1,36,2.78%,18.92
https://quicklizard.com/en/blog/quicklizard-recognized-in-gartner-2022-market-guide-for-retail-uppmo-applications/5/,1,34,2.94%,16.32
https://quicklizard.com/de/blog/preise-fur-freunde-mit-dr-sebastian-voigt-dr-fabian-uhrich/,1,32,3.12%,12.84
https://quicklizard.com/de/partner/,1,30,3.33%,7.3
https://quicklizard.com/en/resources-ebooks/,1,29,3.45%,6.72
https://quicklizard.com/blog/quicklizard-and-the-early-metrics-top-rating/,1,29,3.45%,9.03
https://quicklizard.com/de/events/,1,28,3.57%,6.68
https://quicklizard.com/blog/dehner-case-study/,1,28,3.57%,12.68
https://quicklizard.com/de/sicherheit/,1,23,4.35%,11.09
https://quicklizard.com/blog/what-is-article-segmentation-how-can-it-enhance-retail/3/?utm_campaign=13310734472&campaignid=13310734472&adgroupid=134875972466&adid=611093176788&network=d&device=c&placement=dengi.ua&gclid=EAIaIQobChMIhvXt7uak-QIVWTDgCh27hgt3EAEYASAAEgKvTfD_BwE,1,20,5%,5
https://quicklizard.com/de/blog/wie-sieht-ihre-preisstrategie-fur-den-urlaub-aus/,1,13,7.69%,3.92
https://quicklizard.com/blog/the-selective-trade-down-crisis/,1,8,12.5%,3.12
https://quicklizard.com/en/blog/5-reasons-to-check-your-competitors-prices-every-day/?utm_campaign=13310734472&campaignid=13310734472&adgroupid=134875972466&adid=611093176788&network=d&device=c&placement=dengi.ua&gclid=EAIaIQobChMIhvXt7uak-QIVWTDgCh27hgt3EAEYASAAEgKvTfD_BwE,1,1,100%,6
https://quicklizard.com/pricing-maturity/,0,3085,0%,7.27
https://quicklizard.com/en/pricing-blog/,0,1037,0%,13.32
https://quicklizard.com/blog/what-is-price-elasticity-how-does-it-impact-retail/#elementor-toc__heading-anchor-0,0,868,0%,5.7
https://quicklizard.com/blog/what-is-price-elasticity-how-does-it-impact-retail/#elementor-toc__heading-anchor-4,0,804,0%,5.7
https://quicklizard.com/blog/what-is-price-elasticity-how-does-it-impact-retail/#elementor-toc__heading-anchor-5,0,754,0%,5.8
https://quicklizard.com/blog/surprising-industries-that-use-dynamic-pricing/,0,684,0%,29.24
https://quicklizard.com/wp-content/uploads/2022/04/eBook_Inter-product-relationship.pdf,0,543,0%,4.64
https://quicklizard.com/en/resources/,0,532,0%,3.26
https://quicklizard.com/blog/the-science-of-seasonal-pricing/,0,456,0%,27.23
https://quicklizard.com/de/blog/wie-kann-die-dynamische-preisgestaltung-helfen-wichtige-preisdilemmata-zu-losen/,0,410,0%,49.73
https://quicklizard.com/lp-quicklizard-vs-omnia/,0,364,0%,6.68
https://quicklizard.com/en/blog/the-rise-of-pricing-moments/,0,364,0%,8.37
https://quicklizard.com/blog/category/pricing-optimization/,0,363,0%,7.7
https://quicklizard.com/lp-quicklizard-vs-pricefx/,0,357,0%,6.46
https://quicklizard.com/en/blog/demystifying-ai-powered-pricing-with-ust-quicklizard/,0,349,0%,6.38
https://quicklizard.com/en/blog/the-science-of-seasonal-pricing/,0,343,0%,15.15
https://quicklizard.com/blog/going-omni/,0,341,0%,44.43
https://quicklizard.com/de/blog/dynamic-pricing-software-how-it-works-and-how-to-choose/,0,315,0%,20.21
https://quicklizard.com/en/blog/going-omni/,0,304,0%,31.66
https://quicklizard.com/blog/maintaining-in-store-dynamic-pricing/,0,281,0%,18.73
https://quicklizard.com/de/blog/die-optimale-provision-fur-das-reiseburo-zu-finden/,0,279,0%,11.92
https://quicklizard.com/en/blog/the-price-is-smart-unlocking-profits-with-ai-powered-pricing/,0,251,0%,5.93
https://quicklizard.com/wp-content/uploads/2024/11/AI-Pricing-Optimization-24.pdf,0,231,0%,5.21
https://quicklizard.com/de/blog/the-four-waves-of-shopping-agentic-pricing/,0,222,0%,9.27
https://quicklizard.com/price-elasticity/,0,221,0%,7.1
https://quicklizard.com/blog/paypal-integrates-with-chatgpt/,0,218,0%,11.08
https://quicklizard.com/blog/3-ways-of-pricing-optimization-use/,0,218,0%,29.44
https://quicklizard.com/en/blog/pricing-friends-retail-pricing-with-dr-sebastian-voigt-dr-fabian-uhrich/2/,0,209,0%,6.7
https://quicklizard.com/blog/why-pricing-and-inventory-must-go-hand-in-hand-the-holiday-readout/,0,207,0%,4.87
https://quicklizard.com/en/pricing-maturity/,0,207,0%,9.33
https://quicklizard.com/blog/the-price-is-smart-unlocking-profits-with-ai-powered-pricing/,0,205,0%,6.41
https://quicklizard.com/de/blog/produktklassifizierung/,0,205,0%,20.23
https://quicklizard.com/blog/how-often-should-you-adjust-prices/,0,201,0%,7.61
https://quicklizard.com/blog/pricing-transformation-within-an-organization/,0,201,0%,18.65
https://quicklizard.com/de/blog/ist-es-eine-gute-strategie-den-niedrigsten-preis-zu-haben/,0,198,0%,24.39
https://quicklizard.com/en/blog/retail-pricing-optimization-using-machine-learning/?utm_campaign=13310734472&campaignid=13310734472&adgroupid=134875972466&adid=611093176788&network=d&device=c&placement=dengi.ua&gclid=EAIaIQobChMIhvXt7uak-QIVWTDgCh27hgt3EAEYASAAEgKvTfD_BwE,0,198,0%,26.17
https://quicklizard.com/de/blog/preisoptimierungslosung/,0,196,0%,66.87
https://quicklizard.com/en/blog/what-is-price-elasticity-how-does-it-impact-retail/#elementor-toc__heading-anchor-0,0,184,0%,5.5
https://quicklizard.com/en/events/,0,179,0%,10.42
https://quicklizard.com/en/blog/finding-the-optimal-travel-agency-commission/5/,0,178,0%,22.84
https://quicklizard.com/blog/pricing-optimization-solution/,0,176,0%,12.78
https://quicklizard.com/en/blog/what-is-price-elasticity-how-does-it-impact-retail/#elementor-toc__heading-anchor-4,0,170,0%,5.56
https://quicklizard.com/blog/can-ai-help-you-adapt-pricing-to-trump-tariffs/,0,168,0%,9.62
https://quicklizard.com/blog/how-much-should-hand-sanitizer-cost-in-the-age-of-coronavirus/,0,160,0%,14.41
https://quicklizard.com/en/blog/black-box-vs-transparency-in-pricing-artificial-vs-augmented-intelligence/,0,158,0%,5.65
https://quicklizard.com/wp-content/uploads/2022/07/5-Omnichannel-Allocation.pdf,0,158,0%,5.75
https://quicklizard.com/en/blog/what-is-price-elasticity-how-does-it-impact-retail/#elementor-toc__heading-anchor-5,0,157,0%,5.62
https://quicklizard.com/en/blog/what-is-article-segmentation-how-can-it-enhance-retail/,0,154,0%,15.31
https://quicklizard.com/blog/the-rule-of-100-why-the-long-tail-is-your-greatest-unlocked-profit-lever/,0,150,0%,6.03
https://quicklizard.com/blog/what-is-price-elasticity-how-does-it-impact-retail/#elementor-toc__heading-anchor-1,0,150,0%,6.04
https://quicklizard.com/de/marken/,0,150,0%,7.89
https://quicklizard.com/blog/what-is-price-elasticity-how-does-it-impact-retail/#elementor-toc__heading-anchor-3,0,148,0%,6.03
https://quicklizard.com/blog/what-is-price-elasticity-how-does-it-impact-retail/#elementor-toc__heading-anchor-6,0,146,0%,6.09
https://quicklizard.com/de/blog/black-box-vs-transparency-in-pricing-artificial-vs-augmented-intelligence/,0,144,0%,9.49
https://quicklizard.com/blog/what-is-price-elasticity-how-does-it-impact-retail/#elementor-toc__heading-anchor-2,0,143,0%,5.94
https://quicklizard.com/de/karrieren/,0,142,0%,5.34
https://quicklizard.com/de/ressourcen-broschuren/,0,142,0%,8.56
https://quicklizard.com/en/blog/the-five-stages-of-your-dynamic-pricing-journey/,0,142,0%,25.65
https://quicklizard.com/en/blog/pricing-optimization-solution/,0,139,0%,10.96
https://quicklizard.com/de/ressourcen-videos/,0,136,0%,9.82
https://quicklizard.com/blog/bringing-digital-transformation-to-pricing/,0,135,0%,17.1
https://quicklizard.com/de/ressourcen-ebooks/,0,131,0%,10.39
https://quicklizard.com/en/brands/,0,129,0%,5.24
https://quicklizard.com/en/blog/identifying-data-gaps/,0,129,0%,28.02
https://quicklizard.com/de/blog/how-should-eu-retailers-respond-to-us-tariffs/,0,127,0%,9.22
https://quicklizard.com/blog/maintaining-consumer-trust-while-constantly-adjusting-prices/,0,126,0%,11.42
https://quicklizard.com/blog/sky-high-potential-dynamic-pricing-airlines/,0,126,0%,32.08
https://quicklizard.com/blog/are-your-customers-ready-for-optimized-pricing/,0,124,0%,21.69
https://quicklizard.com/blog/state-of-retail-2021-and-2022/,0,119,0%,13.88
https://quicklizard.com/blog/fully-optimizing-dynamic-pricing/,0,118,0%,13.02
https://quicklizard.com/de/blog/dynamische-preisgestaltung-richtig-gemacht/,0,117,0%,39.44
"https://quicklizard.com/en/blog/category/pricing-software/?utm_medium=ppc&utm_source=adwords&utm_campaign=20758312987&campaignid=20758312987&adgroupid=156999330602&adid=698224779038&matchtype=e&network=g&device=c&keyword=pricing 
tools&gclid=EAIaIQobChMIv7HW3aqRjAMVOoJaBR2V6x88EAMYASAAEgJUrvD_BwE&utm_term=pricing 
tools",0,112,0%,7.16
https://quicklizard.com/en/blog/state-of-retail-2021-and-2022/,0,112,0%,10.89
https://quicklizard.com/lp-quicklizard-vs-7learnings/,0,110,0%,7.57
https://quicklizard.com/en/blog/a-new-pricing-tool-top-tips-on-what-to-consider-when-looking-for-a-pricing-tool/2/,0,105,0%,9.95
https://quicklizard.com/blog/category/resources-case-study/,0,104,0%,7.96
https://quicklizard.com/wp-content/uploads/2021/12/AI-Pricing-Optimization.pdf,0,103,0%,6.11
https://quicklizard.com/blog/turn-data-into-omnichannel-pricing-decisions/,0,103,0%,15.33
https://quicklizard.com/blog/case-study-retail/,0,102,0%,8.24
https://quicklizard.com/de/preisreife/,0,98,0%,6.19
https://quicklizard.com/en/blog/turning-data-into-power/,0,98,0%,9.26
https://quicklizard.com/de/blog/ein-hohes-potenzial-fur-dynamische-preisgestaltung-bei-fluggesellschaften/,0,96,0%,7.51
https://quicklizard.com/en/blog/the-supermarket-pricing-challenge/2/,0,96,0%,12.15
https://quicklizard.com/de/blog/die-funf-phasen-der-dynamischen-preisgestaltung/,0,96,0%,22.56
https://quicklizard.com/en/blog/the-rising-shift-towards-d2c/,0,94,0%,18.1
https://quicklizard.com/de/blog/retail-enters-the-agent-era-ucp-acp-and-the-rise-of-agentic-commerce/2/,0,88,0%,8.73
https://quicklizard.com/blog/5-reasons-to-check-your-competitors-prices-every-day/,0,88,0%,39.73
https://quicklizard.com/blog/what-is-article-segmentation-how-can-it-enhance-retail/,0,86,0%,9.64
https://quicklizard.com/blog/is-having-the-lowest-price-a-good-strategy/,0,86,0%,20.62
https://quicklizard.com/wp-content/uploads/2021/12/Online-Retailer-Case-study.pdf,0,82,0%,5.88
https://quicklizard.com/de/blog/dynamische-preisgestaltung-und-der-long-tail/,0,80,0%,10.28
https://quicklizard.com/en/blog/vertical-dynamic-pricing-for-consumer-electronics/3/,0,76,0%,13.47
https://quicklizard.com/de/blog/omnichannel-bestandszuweisung/,0,75,0%,5.15
https://quicklizard.com/de/blog/dynamisches-testen-der-preiskurve/,0,75,0%,13.81
https://quicklizard.com/de/servicebedingungen/,0,74,0%,11.86
https://quicklizard.com/blog/the-rising-shift-towards-d2c/,0,74,0%,13.2
https://quicklizard.com/de/blog/kategorie/preissoftware/,0,73,0%,8.75
https://quicklizard.com/en/blog/vertical-dynamic-pricing-for-diy-retailers/2/,0,71,0%,20.7
https://quicklizard.com/en/resources-videos/,0,70,0%,4.64
https://quicklizard.com/de/blog/beibehaltung-der-dynamischen-preisgestaltung-in-der-filiale/,0,70,0%,19.07
https://quicklizard.com/blog/quicklizard-ust-demystifying-ai-powered-pricing/,0,69,0%,12.87
https://quicklizard.com/blog/effectively-using-purchased-data/,0,68,0%,13
https://quicklizard.com/blog/a-holistic-grocery-cart-view/,0,66,0%,15.73
https://quicklizard.com/de/ressourcen/,0,64,0%,12.06
https://quicklizard.com/wp-content/uploads/2021/12/QL-Case-Study-ONLINE-TRAVEL-AGENCY.pdf,0,63,0%,16.95
https://quicklizard.com/en/blog/how-can-dynamic-pricing-help-solve-major-pricing-dilemmas/,0,62,0%,11.6
https://quicklizard.com/de/blog/retail-enters-the-agent-era-ucp-acp-and-the-rise-of-agentic-commerce/,0,60,0%,7.08
https://quicklizard.com/wp-content/uploads/2022/01/eBook_Pricing-this-holiday-seaon.pdf,0,60,0%,8.05
https://quicklizard.com/en/blog/optimizing-pricing-through-digital-transformation/,0,59,0%,8.54
https://quicklizard.com/de/blog/kategorie/preisoptimierung/,0,58,0%,54.31
https://quicklizard.com/blog/category/resources-brochure/,0,57,0%,10.18
https://quicklizard.com/en/blog/when-your-world-is-pricing/,0,56,0%,3.66
https://quicklizard.com/en/blog/dynamic-pricing-and-the-long-tail/,0,55,0%,13.24
https://quicklizard.com/en/blog/45-million-ai-powered-pricing-platform-to-raise-millions-through-early-stage-ipo/4/,0,55,0%,13.55
https://quicklizard.com/de/preisgestaltung/,0,53,0%,10.25
https://quicklizard.com/blog/surge-pricing-your-taxi/4/,0,52,0%,6.98
https://quicklizard.com/de/blog/can-ai-help-you-adapt-pricing-to-trump-tariffs/,0,51,0%,12.88
https://quicklizard.com/en/blog/is-having-the-lowest-price-a-good-strategy/,0,51,0%,15.06
https://quicklizard.com/blog/pricing-friends-with-dr-sebastian-voigt-dr-fabian-uhrich/,0,49,0%,8.1
https://quicklizard.com/blog/turning-inflation-from-threat-to-opportunity/,0,49,0%,18.12
https://quicklizard.com/blog/are-you-ready-for-augmented-analytics/,0,49,0%,63.65
https://quicklizard.com/de/blog/ihre-ki-verstehen/,0,48,0%,10.29
https://quicklizard.com/blog/how-retailers-should-face-holiday-seasons-unique-challenges/,0,48,0%,25
https://quicklizard.com/blog/online-retailer-case-study/,0,45,0%,15.11
"https://quicklizard.com/en/blog/pricing-traffic-generators-basket-builders-and-add-ons/?utm_medium=ppc&utm_source=adwords&utm_campaign=20758312987&campaignid=20758312987&adgroupid=156999330602&adid=698224779038&matchtype=e&network=g&device=c&keyword=pricing 
tools&gclid=EAIaIQobChMIv7HW3aqRjAMVOoJaBR2V6x88EAMYASAAEgJUrvD_BwE&utm_term=pricing 
tools",0,44,0%,15.68
https://quicklizard.com/resources/2/,0,43,0%,7.56
https://quicklizard.com/wp-content/uploads/2024/11/Omnichannel_.pdf,0,43,0%,8.91
https://quicklizard.com/de/blog/preisgestaltung-freunde-einzelhandelspreisgestaltung-mit-dr-sebastian-voigt-dr-fabian-uhrich/,0,43,0%,9.05
https://quicklizard.com/de/blog/vertikal-praktiken-und-trends-bei-der-dynamischen-preisgestaltung-in-lebensmittelgeschaften/,0,43,0%,9.35
https://quicklizard.com/blog/planning-your-pricing-strategy-for-the-holiday-season/,0,43,0%,15.33
https://quicklizard.com/wp-content/uploads/2024/11/Omnichannel_.pdf?utm_campaign=13310734472&campaignid=13310734472&adgroupid=134875972466&adid=611093176788&network=d&device=c&placement=dengi.ua&gclid=EAIaIQobChMIhvXt7uak-QIVWTDgCh27hgt3EAEYASAAEgKvTfD_BwE,0,42,0%,10.88
https://quicklizard.com/en/blog/pricing-friends-with-dr-sebastian-voigt-dr-fabian-uhrich/,0,41,0%,14.83
https://quicklizard.com/en/blog/how-to-select-a-pricing-platform/,0,41,0%,28.88
https://quicklizard.com/wp-content/uploads/2021/12/Case-Study-Retail.pdf,0,39,0%,6.28
"https://quicklizard.com/en/blog/how-to-select-a-pricing-platform-for-your-business/?utm_medium=ppc&utm_source=adwords&utm_campaign=20758312987&campaignid=20758312987&adgroupid=156999330602&adid=698224779038&matchtype=e&network=g&device=c&keyword=pricing 
tools&gclid=EAIaIQobChMIv7HW3aqRjAMVOoJaBR2V6x88EAMYASAAEgJUrvD_BwE&utm_term=pricing 
tools",0,39,0%,38.15
https://quicklizard.com/en/blog/planning-your-pricing-strategy-for-the-holiday-season/,0,37,0%,25.3
https://quicklizard.com/en/blog/creating-a-true-pricing-strategy/,0,36,0%,8.31
https://quicklizard.com/blog/a-new-reality-for-omnichannel-retailers/,0,36,0%,11.19
https://quicklizard.com/de/blog/3-moglichkeiten-der-preisoptimierung-nutzen/,0,36,0%,16.86
https://quicklizard.com/blog/quicklizard-at-a-glance/,0,36,0%,25
https://quicklizard.com/de/blog/the-rise-of-pricing-moments/,0,35,0%,11.43
"https://quicklizard.com/de/blog/retail-enters-the-agent-era-ucp-acp-and-the-rise-of-agentic-commerce/?utm_medium=ppc&utm_source=adwords&utm_campaign=20758312987&campaignid=20758312987&adgroupid=156999330602&adid=698224779038&matchtype=e&network=g&device=c&keyword=pricing 
tools&gclid=EAIaIQobChMIv7HW3aqRjAMVOoJaBR2V6x88EAMYASAAEgJUrvD_BwE&utm_term=pricing 
tools",0,35,0%,12.89
https://quicklizard.com/blog/winter-to-spring-in-a-dynamic-pricing-world/,0,34,0%,12.85
https://quicklizard.com/de/travel/,0,34,0%,29.15
https://quicklizard.com/?p=16689,0,33,0%,11.52
https://quicklizard.com/blog/dynamic-pricing-for-the-cfo/,0,33,0%,21.09
https://quicklizard.com/de/blog/elkjop-case-study/,0,33,0%,21.67
https://quicklizard.com/blog/category/industries/,0,32,0%,12.59
https://quicklizard.com/blog/whats-your-holiday-pricing-strategy/,0,32,0%,19.97
https://quicklizard.com/en/blog/vertical-practices-and-trends-in-dynamic-pricing-for-grocery-stores/2/,0,31,0%,11.65
https://quicklizard.com/de/blog/wie-oft-sollten-sie-die-preise-anpassen/,0,31,0%,12.61
https://quicklizard.com/en/blog/sky-high-potential-dynamic-pricing-airlines/2/,0,31,0%,41
https://quicklizard.com/en/partners/,0,30,0%,7.23
https://quicklizard.com/en/career-data-engineer-jd/,0,30,0%,7.93
https://quicklizard.com/de/blog/entwicklung-einer-flexibleren-und-widerstandsfahigeren-organisation-mit-ki-gesteuerter-dynamischer-preisgestaltung/,0,30,0%,15.87
https://quicklizard.com/en/blog/are-you-ready-for-augmented-analytics/,0,30,0%,31.17
https://quicklizard.com/en/blog/are-the-machines-in-control-of-dynamic-pricing/5/,0,29,0%,5.93
https://quicklizard.com/blog/optimizing-pricing-through-digital-transformation/,0,29,0%,25.17
https://quicklizard.com/blog/category/our-values/,0,28,0%,17
https://quicklizard.com/en/blog/rfp-req-for-selecting-a-pricing-software/?utm_campaign=13310734472&campaignid=13310734472&adgroupid=134875972466&adid=611093176788&network=d&device=c&placement=dengi.ua&gclid=EAIaIQobChMIhvXt7uak-QIVWTDgCh27hgt3EAEYASAAEgKvTfD_BwE,0,28,0%,18.32
https://quicklizard.com/blog/retailer-insights-strikethrough-pricing-the-90-day-rule/#elementor-toc__heading-anchor-0,0,27,0%,4.04
https://quicklizard.com/en/blog/dont-panic-surviving-the-tariff-surge-with-smarter-pricing/2/,0,27,0%,6.63
https://quicklizard.com/en/resources-brochures/,0,27,0%,15
https://quicklizard.com/de/karriere-dateningenieur-jd/,0,27,0%,51.74
https://quicklizard.com/wp-content/uploads/2021/12/QL-Case-Study-TAXI-PLATFORM.pdf,0,26,0%,6.77
https://quicklizard.com/blog/its-time-you-supercharge-your-pricing-decisions/,0,26,0%,14
https://quicklizard.com/de/blog/entmystifizierung-von-ki-gestutzter-preisgestaltung-mit-ust-quicklizard/,0,26,0%,17.38
"https://quicklizard.com/en/blog/retail-pricing-optimization-using-machine-learning/?utm_medium=ppc&utm_source=adwords&utm_campaign=20758312987&campaignid=20758312987&adgroupid=156999330602&adid=698224779038&matchtype=e&network=g&device=c&keyword=pricing 
tools&gclid=EAIaIQobChMIv7HW3aqRjAMVOoJaBR2V6x88EAMYASAAEgJUrvD_BwE&utm_term=pricing 
tools",0,26,0%,24.12
https://quicklizard.com/de/blog/ist-die-billigste-nachhaltige/,0,26,0%,63.46
https://quicklizard.com/en/blog/quicklizard-and-the-early-metrics-top-rating/,0,25,0%,11.76
https://quicklizard.com/wp-content/uploads/2024/12/Sephora-Case-Study.pdf,0,24,0%,4.46
https://quicklizard.com/blog/dynamic-pricing-by-geography/,0,24,0%,8
https://quicklizard.com/de/blog/why-pricing-and-inventory-must-go-hand-in-hand-the-holiday-readout/,0,23,0%,9.65
https://quicklizard.com/de/blog/entwicklung-einer-echten-preisstrategie/,0,23,0%,41.09
https://quicklizard.com/de/blog/omniprasent/,0,22,0%,10.86
https://quicklizard.com/blog/normalizing-demand-using-price/,0,22,0%,13.41
https://quicklizard.com/en/blog/sephora-case-study/?utm_campaign=13310734472&campaignid=13310734472&adgroupid=134875972466&adid=611093176788&network=d&device=c&placement=dengi.ua&gclid=EAIaIQobChMIhvXt7uak-QIVWTDgCh27hgt3EAEYASAAEgKvTfD_BwE,0,22,0%,14.05
https://quicklizard.com/en/security/,0,21,0%,6.48
https://quicklizard.com/en/blog/dynamically-testing-the-pricing-curve/,0,20,0%,9.15
https://quicklizard.com/de/blog/identifizierung-von-datenlucken/,0,20,0%,18.95
https://quicklizard.com/de/blog/uberraschende-branchen-die-dynamische-preisgestaltung-nutzen/,0,20,0%,20.95
https://quicklizard.com/wp-content/uploads/2026/02/dehner.case-study-1.pdf?utm_campaign=13310734472&campaignid=13310734472&adgroupid=134875972466&adid=611093176788&network=d&device=c&placement=dengi.ua&gclid=EAIaIQobChMIhvXt7uak-QIVWTDgCh27hgt3EAEYASAAEgKvTfD_BwE,0,19,0%,7.11
https://quicklizard.com/en/resources-case-studies/,0,18,0%,8.61
https://quicklizard.com/en/blog/the-right-price-for-the-perfect-shoe/,0,18,0%,9.39
https://quicklizard.com/de/blog/eine-ganzheitliche-betrachtung-des-einkaufswagens/,0,18,0%,19.94
https://quicklizard.com/blog/taxi-platform-case-study/,0,18,0%,27.33
https://quicklizard.com/blog/retailer-insights-strikethrough-pricing-the-90-day-rule/#elementor-toc__heading-anchor-2,0,17,0%,3.88
https://quicklizard.com/de/blog/the-rule-of-100-why-the-long-tail-is-your-greatest-unlocked-profit-lever/,0,17,0%,3.94
https://quicklizard.com/de/blog/kann-sich-der-lebensmittelhandel-eine-dynamische-preisgestaltung-leisten/,0,17,0%,6.82
https://quicklizard.com/blog/what-will-your-business-face-in-2023/,0,17,0%,7
https://quicklizard.com/en/blog/develop-a-more-agile-and-resilient-organization-with-a-i-driven-dynamic-pricing/2/,0,17,0%,7.06
https://quicklizard.com/en/blog/its-time-you-supercharge-your-pricing-decisions/,0,17,0%,11.53
https://quicklizard.com/en/blog/vertical-dynamic-pricing-for-consumer-electronics/2/,0,17,0%,11.94
https://quicklizard.com/en/blog/normalizing-demand-using-price/,0,17,0%,14.53
https://quicklizard.com/blog/category/market-insights/,0,17,0%,17.06
https://quicklizard.com/blog/airline-case-study/,0,17,0%,21.53
https://quicklizard.com/de/blog/es-ist-an-der-zeit-ihre-preisentscheidungen-zu-optimieren/,0,16,0%,10.75
"https://quicklizard.com/en/blog/category/awards-and-certifications/?utm_medium=ppc&utm_source=adwords&utm_campaign=20758312987&campaignid=20758312987&adgroupid=156999330602&adid=698224779038&matchtype=e&network=g&device=c&keyword=pricing 
tools&gclid=EAIaIQobChMIv7HW3aqRjAMVOoJaBR2V6x88EAMYASAAEgJUrvD_BwE&utm_term=pricing 
tools",0,16,0%,33.75
https://quicklizard.com/de/blog/dynamische-preisgestaltung-nach-geografie/,0,16,0%,41.25
https://quicklizard.com/de/blog/was-ist-preiselastizitat-und-welche-auswirkungen-hat-sie-auf-den-einzelhandel/#elementor-toc__heading-anchor-6,0,15,0%,7.27
https://quicklizard.com/en/blog/a-new-pricing-tool-top-tips-on-what-to-consider-when-looking-for-a-pricing-tool/?utm_campaign=13310734472&campaignid=13310734472&adgroupid=134875972466&adid=611093176788&network=d&device=c&placement=dengi.ua&gclid=EAIaIQobChMIhvXt7uak-QIVWTDgCh27hgt3EAEYASAAEgKvTfD_BwE,0,15,0%,7.4
https://quicklizard.com/de/blog/was-ist-preiselastizitat-und-welche-auswirkungen-hat-sie-auf-den-einzelhandel/#elementor-toc__heading-anchor-5,0,15,0%,7.6
https://quicklizard.com/de/blog/was-ist-artikelsegmentierung-und-wie-kann-sie-den-einzelhandel-verbessern/,0,15,0%,10.2
https://quicklizard.com/en/newsroom-media-coverage/,0,15,0%,11.13
https://quicklizard.com/en/blog/pricing-optimization-solution/5/,0,14,0%,7.36
https://quicklizard.com/blog/why-real-time-matters-for-retail-pricing/,0,14,0%,7.64
https://quicklizard.com/blog/retail-enters-the-agent-era-ucp-acp-and-the-rise-of-agentic-commerce/?_gl=1*peenec*_up*MQ..*_ga*NTg0MDYwNzA2LjE3Njg5OTgyMjI.*_ga_G8K3TBGZFK*czE3Njg5OTgyMjEkbzEkZzEkdDE3Njg5OTgyMjUkajU2JGwwJGgw,0,14,0%,9.07
https://quicklizard.com/de/blog/einfuhrung-der-dynamischen-preisgestaltung-bei-gartners/,0,14,0%,10.71
https://quicklizard.com/de/blog/kategorie/markteinblicke/,0,14,0%,12.57
https://quicklizard.com/en/blog/category/market-insights/,0,14,0%,14
https://quicklizard.com/en/blog/finding-the-optimal-travel-agency-commission/?utm_campaign=13310734472&campaignid=13310734472&adgroupid=134875972466&adid=611093176788&network=d&device=c&placement=dengi.ua&gclid=EAIaIQobChMIhvXt7uak-QIVWTDgCh27hgt3EAEYASAAEgKvTfD_BwE,0,14,0%,37.43
"https://quicklizard.com/de/events/?utm_medium=ppc&utm_source=adwords&utm_campaign=20758312987&campaignid=20758312987&adgroupid=156999330602&adid=698224779038&matchtype=e&network=g&device=c&keyword=pricing 
tools&gclid=EAIaIQobChMIv7HW3aqRjAMVOoJaBR2V6x88EAMYASAAEgJUrvD_BwE&utm_term=pricing 
tools",0,13,0%,3.77
https://quicklizard.com/landing-page/,0,13,0%,4.62
https://quicklizard.com/de/blog/was-ist-preiselastizitat-und-welche-auswirkungen-hat-sie-auf-den-einzelhandel/#elementor-toc__heading-anchor-4,0,13,0%,7
https://quicklizard.com/en/blog/vertical-dynamic-pricing-for-consumer-electronics/5/,0,13,0%,7.38
https://quicklizard.com/de/blog/google-shopify-and-the-agent-abstraction/,0,13,0%,7.77
https://quicklizard.com/de/blog/vertikale-dynamische-preisgestaltung-fur-baumarkte/,0,13,0%,12.46
https://quicklizard.com/en/blog/quicklizard-recognized-in-gartner-2022-market-guide-for-retail-uppmo-applications/2/,0,13,0%,12.62
https://quicklizard.com/en/blog/clearing-out-excess-inventory-this-holiday-season/?utm_campaign=13310734472&campaignid=13310734472&adgroupid=134875972466&adid=611093176788&network=d&device=c&placement=dengi.ua&gclid=EAIaIQobChMIhvXt7uak-QIVWTDgCh27hgt3EAEYASAAEgKvTfD_BwE,0,13,0%,23.85
https://quicklizard.com/de/blog/wie-man-mit-der-dynamischen-preisgestaltung-anfangt/,0,13,0%,32.46
https://quicklizard.com/blog/retail-pricing-optimization-using-machine-learning/,0,12,0%,6.5
https://quicklizard.com/en/blog/quicklizard-is-now-iso-27001-certified/,0,12,0%,8.33
https://quicklizard.com/blog/dynamic-pricing-for-the-procurement-team/,0,12,0%,11.33
https://quicklizard.com/en/blog/finding-the-optimal-travel-agency-commission/2/,0,12,0%,11.83
https://quicklizard.com/de/ressourcen-fallstudien/,0,12,0%,28.83
"https://quicklizard.com/wp-content/uploads/2021/12/Online-Retailer-Case-study.pdf?utm_medium=ppc&utm_source=adwords&utm_campaign=20758312987&campaignid=20758312987&adgroupid=156999330602&adid=698224779038&matchtype=e&network=g&device=c&keyword=pricing 
tools&gclid=EAIaIQobChMIv7HW3aqRjAMVOoJaBR2V6x88EAMYASAAEgJUrvD_BwE&utm_term=pricing 
tools",0,11,0%,3.64
https://quicklizard.com/tech-support-student/,0,11,0%,6.64
https://quicklizard.com/de/blog/was-ist-preiselastizitat-und-welche-auswirkungen-hat-sie-auf-den-einzelhandel/#elementor-toc__heading-anchor-0,0,11,0%,7.27
https://quicklizard.com/en/blog/airline-case-study/,0,11,0%,22.27
https://quicklizard.com/blog/retailer-insights-strikethrough-pricing-the-90-day-rule/#elementor-toc__heading-anchor-1,0,10,0%,4.3
https://quicklizard.com/en/blog/retailer-insights-strikethrough-pricing-the-90-day-rule/#elementor-toc__heading-anchor-0,0,10,0%,6
https://quicklizard.com/en/blog/turning-over-last-years-models/3/,0,10,0%,7.3
https://quicklizard.com/de/blog/45-millionen-euro-fur-eine-ki-gestutzte-preisfindungsplattform-die-durch-einen-borsengang-in-der-fruhphase-millionen-einnimmt/,0,10,0%,9.5
https://quicklizard.com/en/blog/dynamic-pricing-just-slower/,0,10,0%,9.6
https://quicklizard.com/en/blog/the-science-of-seasonal-pricing/5/,0,10,0%,10.5
https://quicklizard.com/de/price-elasticity/,0,10,0%,11.2
https://quicklizard.com/en/blog/quicklizard-recognized-as-a-representative-vendor-in-gartner-market-guide-for-retail-uppmo-applications/2/,0,10,0%,16.2
https://quicklizard.com/wp-content/uploads/2025/01/Elasticity_Figure_I-300x252.png,0,10,0%,20.6
"https://quicklizard.com/de/blog/kategorie/preissoftware/?utm_medium=ppc&utm_source=adwords&utm_campaign=20758312987&campaignid=20758312987&adgroupid=156999330602&adid=698224779038&matchtype=e&network=g&device=c&keyword=pricing 
tools&gclid=EAIaIQobChMIv7HW3aqRjAMVOoJaBR2V6x88EAMYASAAEgJUrvD_BwE&utm_term=pricing 
tools&utm_medium=ppc&utm_source=adwords&utm_campaign=20758312987&campaignid=20758312987&adgroupid=156999330602&adid=698224779038&matchtype=e&network=g&device=c&keyword=pricing 
tools&gclid=EAIaIQobChMIv7HW3aqRjAMVOoJaBR2V6x88EAMYASAAEgJUrvD_BwE&utm_term=pricing 
tools",0,10,0%,24.4
https://quicklizard.com/en/blog/retailer-insights-strikethrough-pricing-the-90-day-rule/#elementor-toc__heading-anchor-1,0,9,0%,6.22
"https://quicklizard.com/blog/the-rule-of-100-why-the-long-tail-is-your-greatest-unlocked-profit-lever/?utm_medium=ppc&utm_source=adwords&utm_campaign=20758312987&campaignid=20758312987&adgroupid=156999330602&adid=698224779038&matchtype=e&network=g&device=c&keyword=pricing 
tools&gclid=EAIaIQobChMIv7HW3aqRjAMVOoJaBR2V6x88EAMYASAAEgJUrvD_BwE&utm_term=pricing 
tools",0,9,0%,6.44
https://quicklizard.com/blog/dynamic-pricing-just-slower/,0,9,0%,7.11
https://quicklizard.com/de/blog/develop-a-more-agile-and-resilient-organization-with-a-i-driven-dynamic-pricing/?__hstc=117962454.73bd3bee6fa385653ecd7c9674ba06f0.1706400000376.1706400000377.1706400000378.1&__hssc=117962454.1.1706400000379&__hsfp=1957916204,0,9,0%,14.11
https://quicklizard.com/de/blog/5-grunde-die-preise-ihrer-mitbewerber-taglich-zu-uberprufen/,0,9,0%,30.89
https://quicklizard.com/blog/increased-competition-on-cyber-monday-2020/,0,9,0%,33.22
https://quicklizard.com/blog/how-low-is-too-low-the-hidden-limits-of-discount-led-pricing/2/,0,8,0%,2.5
https://quicklizard.com/blog/why-pricing-and-inventory-must-go-hand-in-hand-the-holiday-readout/5/?utm_campaign=13310734472&campaignid=13310734472&adgroupid=134875972466&adid=611093176788&network=d&device=c&placement=dengi.ua&gclid=EAIaIQobChMIhvXt7uak-QIVWTDgCh27hgt3EAEYASAAEgKvTfD_BwE,0,8,0%,3.12
https://quicklizard.com/blog/a-changing-landscape-for-online-players/,0,8,0%,4.75
https://quicklizard.com/blog/utilizing-similar-products-theory/,0,8,0%,7
https://quicklizard.com/de/blog/veranderung-der-preisgestaltung-innerhalb-einer-organisation/,0,8,0%,8.62
https://quicklizard.com/en/blog/pricing-friends-retail-pricing-with-dr-sebastian-voigt-dr-fabian-uhrich/?utm_campaign=13310734472&campaignid=13310734472&adgroupid=134875972466&adid=611093176788&network=d&device=c&placement=dengi.ua&gclid=EAIaIQobChMIhvXt7uak-QIVWTDgCh27hgt3EAEYASAAEgKvTfD_BwE,0,8,0%,8.88
https://quicklizard.com/en/blog/dynamic-pricing-for-the-marketing-team/4/,0,8,0%,9.62
https://quicklizard.com/en/blog/45-million-ai-powered-pricing-platform-to-raise-millions-through-early-stage-ipo/2/,0,8,0%,9.88
https://quicklizard.com/de/blog/dynamische-preisgestaltung-fur-den-finanzvorstand/,0,8,0%,10.38
https://quicklizard.com/en/blog/dynamic-pricing-for-the-ceo/2/,0,8,0%,11.38
https://quicklizard.com/en/blog/the-science-of-seasonal-pricing/4/,0,8,0%,12.25
https://quicklizard.com/de/blog/utilizing-similar-products-theory/,0,8,0%,20
https://quicklizard.com/de/blog/vollstandige-optimierung-der-dynamischen-preisgestaltung/,0,8,0%,27.12
https://quicklizard.com/blog/why-pricing-and-inventory-must-go-hand-in-hand-the-holiday-readout/?utm_campaign=13310734472&campaignid=13310734472&adgroupid=134875972466&adid=611093176788&network=d&device=c&placement=dengi.ua&gclid=EAIaIQobChMIhvXt7uak-QIVWTDgCh27hgt3EAEYASAAEgKvTfD_BwE&utm_campaign=13310734472&campaignid=13310734472&adgroupid=134875972466&adid=611093176788&network=d&device=c&placement=dengi.ua&gclid=EAIaIQobChMIhvXt7uak-QIVWTDgCh27hgt3EAEYASAAEgKvTfD_BwE,0,7,0%,2.71
https://quicklizard.com/wp-content/uploads/2022/01/eBook-Understanding-Your-AI.pdf,0,7,0%,5.57
https://quicklizard.com/de/blog/author/pini/,0,7,0%,6.29
"https://quicklizard.com/resources/2/?utm_medium=ppc&utm_source=adwords&utm_campaign=20758312987&campaignid=20758312987&adgroupid=156999330602&adid=698224779038&matchtype=e&network=g&device=c&keyword=pricing 
tools&gclid=EAIaIQobChMIv7HW3aqRjAMVOoJaBR2V6x88EAMYASAAEgJUrvD_BwE&utm_term=pricing 
tools",0,7,0%,6.43
https://quicklizard.com/de/blog/was-ist-preiselastizitat-und-welche-auswirkungen-hat-sie-auf-den-einzelhandel/#elementor-toc__heading-anchor-1,0,7,0%,6.71
https://quicklizard.com/de/blog/was-ist-preiselastizitat-und-welche-auswirkungen-hat-sie-auf-den-einzelhandel/#elementor-toc__heading-anchor-2,0,7,0%,6.71
https://quicklizard.com/de/blog/was-ist-preiselastizitat-und-welche-auswirkungen-hat-sie-auf-den-einzelhandel/#elementor-toc__heading-anchor-3,0,7,0%,6.71
https://quicklizard.com/de/blog/the-price-is-smart-unlocking-profits-with-ai-powered-pricing/,0,7,0%,10.57
https://quicklizard.com/en/blog/the-science-of-seasonal-pricing/3/,0,7,0%,10.86
"https://quicklizard.com/de/blog/identifizierung-von-datenlucken/?utm_medium=ppc&utm_source=adwords&utm_campaign=20758312987&campaignid=20758312987&adgroupid=156999330602&adid=698224779038&matchtype=e&network=g&device=c&keyword=pricing 
tools&gclid=EAIaIQobChMIv7HW3aqRjAMVOoJaBR2V6x88EAMYASAAEgJUrvD_BwE&utm_term=pricing 
tools&utm_medium=ppc&utm_source=adwords&utm_campaign=20758312987&campaignid=20758312987&adgroupid=156999330602&adid=698224779038&matchtype=e&network=g&device=c&keyword=pricing 
tools&gclid=EAIaIQobChMIv7HW3aqRjAMVOoJaBR2V6x88EAMYASAAEgJUrvD_BwE&utm_term=pricing 
tools",0,7,0%,11.43
https://quicklizard.com/de/blog/vertikale-dynamische-preisgestaltung-fur-unterhaltungselektronik/,0,7,0%,14.14
"https://quicklizard.com/de/blog/kategorie/markteinblicke/?utm_medium=ppc&utm_source=adwords&utm_campaign=20758312987&campaignid=20758312987&adgroupid=156999330602&adid=698224779038&matchtype=e&network=g&device=c&keyword=pricing 
tools&gclid=EAIaIQobChMIv7HW3aqRjAMVOoJaBR2V6x88EAMYASAAEgJUrvD_BwE&utm_term=pricing 
tools",0,7,0%,15.43
https://quicklizard.com/en/blog/effectively-using-purchased-data/?utm_campaign=13310734472&campaignid=13310734472&adgroupid=134875972466&adid=611093176788&network=d&device=c&placement=dengi.ua&gclid=EAIaIQobChMIhvXt7uak-QIVWTDgCh27hgt3EAEYASAAEgKvTfD_BwE,0,7,0%,17.43
https://quicklizard.com/de/blog/dynamic-pricing-for-the-ceo/,0,6,0%,1.5
https://quicklizard.com/de/blog/quicklizard-ist-jetzt-iso-27001-zertifiziert/,0,6,0%,3.33
https://quicklizard.com/en/blog/are-the-machines-in-control-of-dynamic-pricing/4/,0,6,0%,4.33
https://quicklizard.com/blog/why-pricing-and-inventory-must-go-hand-in-hand-the-holiday-readout/4/?utm_campaign=13310734472&campaignid=13310734472&adgroupid=134875972466&adid=611093176788&network=d&device=c&placement=dengi.ua&gclid=EAIaIQobChMIhvXt7uak-QIVWTDgCh27hgt3EAEYASAAEgKvTfD_BwE,0,6,0%,4.5
"https://quicklizard.com/wp-content/uploads/2024/11/Omnichannel_.pdf?utm_medium=ppc&utm_source=adwords&utm_campaign=20758312987&campaignid=20758312987&adgroupid=156999330602&adid=698224779038&matchtype=e&network=g&device=c&keyword=pricing 
tools&gclid=EAIaIQobChMIv7HW3aqRjAMVOoJaBR2V6x88EAMYASAAEgJUrvD_BwE&utm_term=pricing 
tools",0,6,0%,4.5
https://quicklizard.com/de/presseraum-medienberichterstattung/,0,6,0%,5.5
https://quicklizard.com/blog/does-the-medium-matter/,0,6,0%,5.83
"https://quicklizard.com/en/blog/the-four-waves-of-shopping-how-agentic-pricing-is-redefining-retail/?utm_medium=ppc&utm_source=adwords&utm_campaign=20758312987&campaignid=20758312987&adgroupid=156999330602&adid=698224779038&matchtype=e&network=g&device=c&keyword=pricing 
tools&gclid=EAIaIQobChMIv7HW3aqRjAMVOoJaBR2V6x88EAMYASAAEgJUrvD_BwE&utm_term=pricing 
tools",0,6,0%,6
https://quicklizard.com/en/blog/3-ways-of-pricing-optimization-use/5/,0,6,0%,6.5
https://quicklizard.com/en/blog/what-is-price-elasticity-how-does-it-impact-retail/#elementor-toc__heading-anchor-3,0,6,0%,6.67
"https://quicklizard.com/de/events/?utm_medium=ppc&utm_source=adwords&utm_campaign=20758312987&campaignid=20758312987&adgroupid=156999330602&adid=698224779038&matchtype=e&network=g&device=c&keyword=pricing 
tools&gclid=EAIaIQobChMIv7HW3aqRjAMVOoJaBR2V6x88EAMYASAAEgJUrvD_BwE&utm_term=pricing 
tools&utm_medium=ppc&utm_source=adwords&utm_campaign=20758312987&campaignid=20758312987&adgroupid=156999330602&adid=698224779038&matchtype=e&network=g&device=c&keyword=pricing 
tools&gclid=EAIaIQobChMIv7HW3aqRjAMVOoJaBR2V6x88EAMYASAAEgJUrvD_BwE&utm_term=pricing 
tools",0,6,0%,6.83
https://quicklizard.com/en/blog/dynamically-testing-the-pricing-curve/2/,0,6,0%,13
https://quicklizard.com/en/thank-you/,0,6,0%,13.5
https://quicklizard.com/de/blog/erhaltung-des-vertrauens-der-verbraucher-bei-standiger-anpassung-der-preise/,0,6,0%,14.17
https://quicklizard.com/de/blog/normalisierung-der-nachfrage-uber-den-preis/,0,6,0%,14.67
https://quicklizard.com/en/blog/the-science-of-seasonal-pricing/?utm_campaign=13310734472&campaignid=13310734472&adgroupid=134875972466&adid=611093176788&network=d&device=c&placement=dengi.ua&gclid=EAIaIQobChMIhvXt7uak-QIVWTDgCh27hgt3EAEYASAAEgKvTfD_BwE,0,6,0%,14.83
https://quicklizard.com/de/blog/preisgestaltung-am-schwarzen-freitag-wahrend-einer-pandemie/,0,6,0%,15.33
https://quicklizard.com/en/tech-support-student/,0,6,0%,16.33
https://quicklizard.com/en/blog/is-being-the-cheapest-sustainable/4/,0,6,0%,16.5
https://quicklizard.com/blog/pricing-this-holiday-season/,0,6,0%,82
https://quicklizard.com/thank-you/,0,5,0%,2
https://quicklizard.com/de/blog/die-wissenschaft-der-saisonalen-preisgestaltung/,0,5,0%,3.4
https://quicklizard.com/de/blog/interproduktbeziehungen/,0,5,0%,5.6
https://quicklizard.com/en/blog/pricing-optimization-solution/2/,0,5,0%,7.2
https://quicklizard.com/de/blog/going-omni/,0,5,0%,11.6
https://quicklizard.com/blog/what-is-article-segmentation-how-can-it-enhance-retail/?utm_campaign=13310734472&campaignid=13310734472&adgroupid=134875972466&adid=611093176788&network=d&device=c&placement=dengi.ua&gclid=EAIaIQobChMIhvXt7uak-QIVWTDgCh27hgt3EAEYASAAEgKvTfD_BwE,0,5,0%,13.8
https://quicklizard.com/en/blog/the-four-waves-of-shopping-how-agentic-pricing-is-redefining-retail/?utm_campaign=13310734472&campaignid=13310734472&adgroupid=134875972466&adid=611093176788&network=d&device=c&placement=dengi.ua&gclid=EAIaIQobChMIhvXt7uak-QIVWTDgCh27hgt3EAEYASAAEgKvTfD_BwE,0,5,0%,15.2
https://quicklizard.com/de/blog/wie-kann-eine-ki-plattform-fur-dynamische-preisgestaltung-den-erfolg-fordern/,0,5,0%,16.8
https://quicklizard.com/blog/black-friday-pricing-during-a-pandemic/,0,5,0%,18
https://quicklizard.com/en/blog/the-science-of-seasonal-pricing/2/,0,5,0%,18.6
https://quicklizard.com/de/blog/wie-viel-sollte-handdesinfektionsmittel-im-zeitalter-des-coronavirus-kosten/,0,5,0%,20.4
https://quicklizard.com/de/lp-quicklizard-vs-omnia/,0,5,0%,23
https://quicklizard.com/blog/dynamic-pricing-for-the-ceo/,0,5,0%,26.4
https://quicklizard.com/en/blog/quicklizard-recognized-as-a-representative-vendor-in-gartner-market-guide-for-retail-uppmo-applications/3/,0,5,0%,28.4
https://quicklizard.com/de/blog/5-grunde-die-preise-ihrer-mitbewerber-taglich-zu-uberprufen/2/,0,5,0%,39.8
https://quicklizard.com/de/blog/dynamische-preisgestaltung-fur-den-geschaftsfuhrer/,0,5,0%,52.2
https://quicklizard.com/de/blog/daten-in-energie-verwandeln/,0,5,0%,55.6
https://quicklizard.com/en/blog/vertical-practices-and-trends-in-dynamic-pricing-for-grocery-stores/?utm_campaign=13310734472&campaignid=13310734472&adgroupid=134875972466&adid=611093176788&network=d&device=c&placement=dengi.ua&gclid=EAIaIQobChMIhvXt7uak-QIVWTDgCh27hgt3EAEYASAAEgKvTfD_BwE,0,4,0%,3.75
https://quicklizard.com/blog/dynamic-pricing-and-the-long-tail/,0,4,0%,4
"https://quicklizard.com/blog/4/?utm_medium=ppc&utm_source=adwords&utm_campaign=20758312987&campaignid=20758312987&adgroupid=156999330602&adid=698224779038&matchtype=e&network=g&device=c&keyword=pricing 
tools&gclid=EAIaIQobChMIv7HW3aqRjAMVOoJaBR2V6x88EAMYASAAEgJUrvD_BwE&utm_term=pricing 
tools&utm_medium=ppc&utm_source=adwords&utm_campaign=20758312987&campaignid=20758312987&adgroupid=156999330602&adid=698224779038&matchtype=e&network=g&device=c&keyword=pricing 
tools&gclid=EAIaIQobChMIv7HW3aqRjAMVOoJaBR2V6x88EAMYASAAEgJUrvD_BwE&utm_term=pricing 
tools",0,4,0%,5.5
"https://quicklizard.com/de/events/?utm_medium=ppc&utm_source=adwords&utm_campaign=20758312987&campaignid=20758312987&adgroupid=156999330602&adid=698224779038&matchtype=e&network=g&device=c&keyword=pricing 
tools&gclid=EAIaIQobChMIv7HW3aqRjAMVOoJaBR2V6x88EAMYASAAEgJUrvD_BwE&utm_term=pricing 
tools&utm_medium=ppc&utm_source=adwords&utm_campaign=20758312987&campaignid=20758312987&adgroupid=156999330602&adid=698224779038&matchtype=e&network=g&device=c&keyword=pricing 
tools&gclid=EAIaIQobChMIv7HW3aqRjAMVOoJaBR2V6x88EAMYASAAEgJUrvD_BwE&utm_term=pricing 
tools",0,4,0%,5.5
https://quicklizard.com/en/blog/how-can-dynamic-pricing-help-solve-major-pricing-dilemmas/?utm_campaign=13310734472&campaignid=13310734472&adgroupid=134875972466&adid=611093176788&network=d&device=c&placement=dengi.ua&gclid=EAIaIQobChMIhvXt7uak-QIVWTDgCh27hgt3EAEYASAAEgKvTfD_BwE,0,4,0%,6.25
https://quicklizard.com/en/blog/what-is-price-elasticity-how-does-it-impact-retail/#elementor-toc__heading-anchor-1,0,4,0%,6.25
https://quicklizard.com/de/blog/die-10-wichtigsten-anzeichen-dafur-dass-ihre-preismethodik-uberholt-ist/,0,4,0%,8.5
https://quicklizard.com/de/blog/3-moglichkeiten-der-preisoptimierung-nutzen/?utm_campaign=13310734472&campaignid=13310734472&adgroupid=134875972466&adid=611093176788&network=d&device=c&placement=dengi.ua&gclid=EAIaIQobChMIhvXt7uak-QIVWTDgCh27hgt3EAEYASAAEgKvTfD_BwE,0,4,0%,9
"https://quicklizard.com/en/blog/vertical-dynamic-pricing-for-consumer-electronics/?utm_medium=ppc&utm_source=adwords&utm_campaign=20758312987&campaignid=20758312987&adgroupid=156999330602&adid=698224779038&matchtype=e&network=g&device=c&keyword=pricing 
tools&gclid=EAIaIQobChMIv7HW3aqRjAMVOoJaBR2V6x88EAMYASAAEgJUrvD_BwE&utm_term=pricing 
tools",0,4,0%,10.5
https://quicklizard.com/de/blog/ein-neues-preisgestaltungstool-top-tipps-was-bei-der-suche-nach-einem-preisgestaltungstool-zu-beachten-ist/,0,4,0%,11.75
https://quicklizard.com/blog/top-10-signs-youve-outgrown-your-pricing-methodology/,0,4,0%,12.75
https://quicklizard.com/en/blog/maintaining-in-store-dynamic-pricing/?utm_campaign=13310734472&campaignid=13310734472&adgroupid=134875972466&adid=611093176788&network=d&device=c&placement=dengi.ua&gclid=EAIaIQobChMIhvXt7uak-QIVWTDgCh27hgt3EAEYASAAEgKvTfD_BwE,0,4,0%,12.75
"https://quicklizard.com/en/blog/the-supermarket-pricing-challenge/?utm_medium=ppc&utm_source=adwords&utm_campaign=20758312987&campaignid=20758312987&adgroupid=156999330602&adid=698224779038&matchtype=e&network=g&device=c&keyword=pricing 
tools&gclid=EAIaIQobChMIv7HW3aqRjAMVOoJaBR2V6x88EAMYASAAEgJUrvD_BwE&utm_term=pricing 
tools",0,4,0%,14
https://quicklizard.com/en/blog/dynamic-pricing-for-the-procurement-team/2/,0,4,0%,14.5
https://quicklizard.com/wp-content/uploads/2025/01/Elasticity_Figure_D-1024x539.png,0,4,0%,19.75
https://quicklizard.com/en/blog/whats-your-holiday-pricing-strategy/2/,0,4,0%,21.5
https://quicklizard.com/de/lp-quicklizard-vs-7learnings/,0,4,0%,26.75
https://quicklizard.com/de/ressourcen/2/,0,4,0%,34.75
https://quicklizard.com/de/blog/raumung-uberschussiger-lagerbestande-in-der-weihnachtszeit/,0,4,0%,47
https://quicklizard.com/de/blog/quicklizard-als-reprasentativer-anbieter-im-gartner-market-guide-fur-uppmo-anwendungen-im-einzelhandel-anerkannt/,0,3,0%,1.33
"https://quicklizard.com/en/blog/product-classification/?utm_medium=ppc&utm_source=adwords&utm_campaign=20758312987&campaignid=20758312987&adgroupid=156999330602&adid=698224779038&matchtype=e&network=g&device=c&keyword=pricing 
tools&gclid=EAIaIQobChMIv7HW3aqRjAMVOoJaBR2V6x88EAMYASAAEgJUrvD_BwE&utm_term=pricing 
tools",0,3,0%,3.33
https://quicklizard.com/en/blog/quicklizard-at-a-glance/?utm_campaign=13310734472&campaignid=13310734472&adgroupid=134875972466&adid=611093176788&network=d&device=c&placement=dengi.ua&gclid=EAIaIQobChMIhvXt7uak-QIVWTDgCh27hgt3EAEYASAAEgKvTfD_BwE,0,3,0%,4
https://quicklizard.com/blog/author/fabianquicklizard-com/,0,3,0%,4.67
https://quicklizard.com/de/blog/the-selective-trade-down-crisis/,0,3,0%,5.67
https://quicklizard.com/de/blog/why-pricing-and-inventory-must-go-hand-in-hand-the-holiday-readout/?utm_campaign=13310734472&campaignid=13310734472&adgroupid=134875972466&adid=611093176788&network=d&device=c&placement=dengi.ua&gclid=EAIaIQobChMIhvXt7uak-QIVWTDgCh27hgt3EAEYASAAEgKvTfD_BwE,0,3,0%,6
https://quicklizard.com/de/blog/optimierung-der-preisgestaltung-durch-digitale-transformation/,0,3,0%,6.67
"https://quicklizard.com/de/blog/5/?utm_medium=ppc&utm_source=adwords&utm_campaign=20758312987&campaignid=20758312987&adgroupid=156999330602&adid=698224779038&matchtype=e&network=g&device=c&keyword=pricing 
tools&gclid=EAIaIQobChMIv7HW3aqRjAMVOoJaBR2V6x88EAMYASAAEgJUrvD_BwE&utm_term=pricing 
tools",0,3,0%,7.33
https://quicklizard.com/de/blog/quicklizard-im-gartner-marktfuhrer-2022-fur-upmo-anwendungen-im-einzelhandel-anerkannt/,0,3,0%,7.33
https://quicklizard.com/en/blog/45-million-ai-powered-pricing-platform-to-raise-millions-through-early-stage-ipo/3/,0,3,0%,7.33
https://quicklizard.com/en/blog/what-is-price-elasticity-how-does-it-impact-retail/#elementor-toc__heading-anchor-2,0,3,0%,7.33
https://quicklizard.com/en/blog/what-is-price-elasticity-how-does-it-impact-retail/#elementor-toc__heading-anchor-6,0,3,0%,7.33
https://quicklizard.com/blog/why-pricing-and-inventory-must-go-hand-in-hand-the-holiday-readout/?utm_campaign=13310734472&campaignid=13310734472&adgroupid=134875972466&adid=611093176788&network=d&device=c&placement=dengi.ua&gclid=EAIaIQobChMIhvXt7uak-QIVWTDgCh27hgt3EAEYASAAEgKvTfD_BwE,0,3,0%,8.67
https://quicklizard.com/en/blog/next-gen-pricing-equals-higher-profits-in-physical-stores/2/,0,3,0%,9.67
https://quicklizard.com/de/blog/the-four-waves-of-shopping-how-agentic-pricing-is-redefining-retail/,0,3,0%,10.33
https://quicklizard.com/de/blog/omniprasent/2/,0,3,0%,11.33
https://quicklizard.com/de/karriere-qa-tester/,0,3,0%,11.67
https://quicklizard.com/en/blog/case-study-retail/?utm_campaign=13310734472&campaignid=13310734472&adgroupid=134875972466&adid=611093176788&network=d&device=c&placement=dengi.ua&gclid=EAIaIQobChMIhvXt7uak-QIVWTDgCh27hgt3EAEYASAAEgKvTfD_BwE,0,3,0%,13
"https://quicklizard.com/en/blog/the-science-of-seasonal-pricing/?utm_medium=ppc&utm_source=adwords&utm_campaign=20758312987&campaignid=20758312987&adgroupid=156999330602&adid=698224779038&matchtype=e&network=g&device=c&keyword=pricing 
tools&gclid=EAIaIQobChMIv7HW3aqRjAMVOoJaBR2V6x88EAMYASAAEgJUrvD_BwE&utm_term=pricing 
tools",0,3,0%,14.33
https://quicklizard.com/en/blog/how-retailers-should-face-holiday-seasons-unique-challenges/2/,0,3,0%,19.33
https://quicklizard.com/en/resources/2/,0,3,0%,20.67
https://quicklizard.com/en/blog/utilizing-similar-products-theory/,0,3,0%,32.33
https://quicklizard.com/de/blog/kategorie/ressourcen-fallstudie/,0,3,0%,51.67
https://quicklizard.com/en/blog/45-million-ai-powered-pricing-platform-to-raise-millions-through-early-stage-ipo/5/,0,3,0%,54.33
https://quicklizard.com/de/blog/kategorie/unsere-werte/,0,3,0%,57
https://quicklizard.com/de/blog/dynamische-preisgestaltung-nur-langsamer/,0,3,0%,62.67
https://quicklizard.com/blog/can-ai-help-you-adapt-pricing-to-trump-tariffs/#elementor-toc__heading-anchor-0,0,2,0%,2.5
https://quicklizard.com/blog/can-ai-help-you-adapt-pricing-to-trump-tariffs/#elementor-toc__heading-anchor-2,0,2,0%,2.5
https://quicklizard.com/de/blog/autor/pini/,0,2,0%,3
https://quicklizard.com/en/blog/is-having-the-lowest-price-a-good-strategy/3/,0,2,0%,3
https://quicklizard.com/blog/are-the-machines-in-control-of-dynamic-pricing/,0,2,0%,4
https://quicklizard.com/blog/dynamic-pricing-software-how-it-works-and-how-to-choose/#elementor-toc__heading-anchor-2,0,2,0%,4
https://quicklizard.com/blog/dynamic-pricing-software-how-it-works-and-how-to-choose/#elementor-toc__heading-anchor-4,0,2,0%,4
https://quicklizard.com/blog/dynamic-pricing-software-how-it-works-and-how-to-choose/#elementor-toc__heading-anchor-5,0,2,0%,4
"https://quicklizard.com/de/blog/elkjop-case-study/?utm_medium=ppc&utm_source=adwords&utm_campaign=20758312987&campaignid=20758312987&adgroupid=156999330602&adid=698224779038&matchtype=e&network=g&device=c&keyword=pricing 
tools&gclid=EAIaIQobChMIv7HW3aqRjAMVOoJaBR2V6x88EAMYASAAEgJUrvD_BwE&utm_term=pricing 
tools",0,2,0%,4
https://quicklizard.com/de/blog/fallstudie-uber-eine-fluggesellschaft/,0,2,0%,4
https://quicklizard.com/en/blog/next-gen-pricing-equals-higher-profits-in-physical-stores/3/,0,2,0%,5.5
"https://quicklizard.com/en/blog/pricing-friends-retail-pricing-with-dr-sebastian-voigt-dr-fabian-uhrich/?utm_medium=ppc&utm_source=adwords&utm_campaign=20758312987&campaignid=20758312987&adgroupid=156999330602&adid=698224779038&matchtype=e&network=g&device=c&keyword=pricing 
tools&gclid=EAIaIQobChMIv7HW3aqRjAMVOoJaBR2V6x88EAMYASAAEgJUrvD_BwE&utm_term=pricing 
tools",0,2,0%,6
https://quicklizard.com/blog/improving-profits-in-2020-through-price/,0,2,0%,6.5
https://quicklizard.com/en/blog/45-million-ai-powered-pricing-platform-to-raise-millions-through-early-stage-ipo/?utm_campaign=13310734472&campaignid=13310734472&adgroupid=134875972466&adid=611093176788&network=d&device=c&placement=dengi.ua&gclid=EAIaIQobChMIhvXt7uak-QIVWTDgCh27hgt3EAEYASAAEgKvTfD_BwE,0,2,0%,6.5
https://quicklizard.com/en/blog/turning-over-last-years-models/2/,0,2,0%,6.5
"https://quicklizard.com/en/blog/dynamic-pricing-for-the-cfo/?utm_medium=ppc&utm_source=adwords&utm_campaign=20758312987&campaignid=20758312987&adgroupid=156999330602&adid=698224779038&matchtype=e&network=g&device=c&keyword=pricing 
tools&gclid=EAIaIQobChMIv7HW3aqRjAMVOoJaBR2V6x88EAMYASAAEgJUrvD_BwE&utm_term=pricing 
tools",0,2,0%,7
"https://quicklizard.com/en/blog/dynamically-testing-the-pricing-curve/2/?utm_medium=ppc&utm_source=adwords&utm_campaign=20758312987&campaignid=20758312987&adgroupid=156999330602&adid=698224779038&matchtype=e&network=g&device=c&keyword=pricing 
tools&gclid=EAIaIQobChMIv7HW3aqRjAMVOoJaBR2V6x88EAMYASAAEgJUrvD_BwE&utm_term=pricing 
tools",0,2,0%,7
https://quicklizard.com/en/blog/retailer-insights-strikethrough-pricing-the-90-day-rule/#elementor-toc__heading-anchor-3,0,2,0%,7
https://quicklizard.com/de/blog/sephora-fallstudie/,0,2,0%,7.5
https://quicklizard.com/en/blog/dynamic-pricing-for-the-ceo/?utm_campaign=13310734472&campaignid=13310734472&adgroupid=134875972466&adid=611093176788&network=d&device=c&placement=dengi.ua&gclid=EAIaIQobChMIhvXt7uak-QIVWTDgCh27hgt3EAEYASAAEgKvTfD_BwE,0,2,0%,7.5
https://quicklizard.com/en/blog/dynamic-pricing-for-the-marketing-team/2/,0,2,0%,7.5
https://quicklizard.com/en/blog/a-holistic-grocery-cart-view/2/,0,2,0%,8
"https://quicklizard.com/de/blog/ein-hohes-potenzial-fur-dynamische-preisgestaltung-bei-fluggesellschaften/?utm_medium=ppc&utm_source=adwords&utm_campaign=20758312987&campaignid=20758312987&adgroupid=156999330602&adid=698224779038&matchtype=e&network=g&device=c&keyword=pricing 
tools&gclid=EAIaIQobChMIv7HW3aqRjAMVOoJaBR2V6x88EAMYASAAEgJUrvD_BwE&utm_term=pricing 
tools",0,2,0%,8.5
https://quicklizard.com/de/blog/quicklizard-und-die-fruhmetrik-bewertung/,0,2,0%,8.5
"https://quicklizard.com/de/karrieren/?utm_medium=ppc&utm_source=adwords&utm_campaign=20758312987&campaignid=20758312987&adgroupid=156999330602&adid=698224779038&matchtype=e&network=g&device=c&keyword=pricing 
tools&gclid=EAIaIQobChMIv7HW3aqRjAMVOoJaBR2V6x88EAMYASAAEgJUrvD_BwE&utm_term=pricing 
tools",0,2,0%,8.5
https://quicklizard.com/en/blog/dynamic-pricing-for-the-cfo/?utm_campaign=13310734472&campaignid=13310734472&adgroupid=134875972466&adid=611093176788&network=d&device=c&placement=dengi.ua&gclid=EAIaIQobChMIhvXt7uak-QIVWTDgCh27hgt3EAEYASAAEgKvTfD_BwE,0,2,0%,8.5
"https://quicklizard.com/blog/a-changing-landscape-for-online-players/5/?utm_medium=ppc&utm_source=adwords&utm_campaign=20758312987&campaignid=20758312987&adgroupid=156999330602&adid=698224779038&matchtype=e&network=g&device=c&keyword=pricing 
tools&gclid=EAIaIQobChMIv7HW3aqRjAMVOoJaBR2V6x88EAMYASAAEgJUrvD_BwE&utm_term=pricing 
tools",0,2,0%,9
"https://quicklizard.com/blog/pricing-optimization-solution/?utm_medium=ppc&utm_source=adwords&utm_campaign=20758312987&campaignid=20758312987&adgroupid=156999330602&adid=698224779038&matchtype=e&network=g&device=c&keyword=pricing 
tools&gclid=EAIaIQobChMIv7HW3aqRjAMVOoJaBR2V6x88EAMYASAAEgJUrvD_BwE&utm_term=pricing 
tools",0,2,0%,9
https://quicklizard.com/de/blog/inflation-von-der-bedrohung-zur-chance-machen/,0,2,0%,9
https://quicklizard.com/de/blog/sind-ihre-kunden-bereit-fur-eine-optimierte-preisgestaltung/,0,2,0%,9.5
https://quicklizard.com/en/blog/how-to-get-started-with-dynamic-pricing/?utm_campaign=13310734472&campaignid=13310734472&adgroupid=134875972466&adid=611093176788&network=d&device=c&placement=dengi.ua&gclid=EAIaIQobChMIhvXt7uak-QIVWTDgCh27hgt3EAEYASAAEgKvTfD_BwE,0,2,0%,10.5
https://quicklizard.com/en/blog/a-holistic-grocery-cart-view/4/,0,2,0%,11
https://quicklizard.com/en/blog/turning-over-last-years-models/?utm_campaign=13310734472&campaignid=13310734472&adgroupid=134875972466&adid=611093176788&network=d&device=c&placement=dengi.ua&gclid=EAIaIQobChMIhvXt7uak-QIVWTDgCh27hgt3EAEYASAAEgKvTfD_BwE,0,2,0%,11.5
https://quicklizard.com/de/blog/sind-die-maschinen-die-die-dynamische-preisgestaltung-kontrollieren/,0,2,0%,12
https://quicklizard.com/en/blog/dynamic-pricing-just-slower/?utm_campaign=13310734472&campaignid=13310734472&adgroupid=134875972466&adid=611093176788&network=d&device=c&placement=dengi.ua&gclid=EAIaIQobChMIhvXt7uak-QIVWTDgCh27hgt3EAEYASAAEgKvTfD_BwE,0,2,0%,13.5
https://quicklizard.com/wp-content/uploads/2025/12/unnamed.jpg,0,2,0%,15
"https://quicklizard.com/en/blog/sky-high-potential-dynamic-pricing-airlines/?utm_medium=ppc&utm_source=adwords&utm_campaign=20758312987&campaignid=20758312987&adgroupid=156999330602&adid=698224779038&matchtype=e&network=g&device=c&keyword=pricing 
tools&gclid=EAIaIQobChMIv7HW3aqRjAMVOoJaBR2V6x88EAMYASAAEgJUrvD_BwE&utm_term=pricing 
tools",0,2,0%,15.5
https://quicklizard.com/en/blog/quicklizard-recognized-in-gartner-2022-market-guide-for-retail-uppmo-applications/?utm_campaign=13310734472&campaignid=13310734472&adgroupid=134875972466&adid=611093176788&network=d&device=c&placement=dengi.ua&gclid=EAIaIQobChMIhvXt7uak-QIVWTDgCh27hgt3EAEYASAAEgKvTfD_BwE,0,2,0%,16.5
"https://quicklizard.com/en/blog/clearing-out-excess-inventory-this-holiday-season/?utm_medium=ppc&utm_source=adwords&utm_campaign=20758312987&campaignid=20758312987&adgroupid=156999330602&adid=698224779038&matchtype=e&network=g&device=c&keyword=pricing 
tools&gclid=EAIaIQobChMIv7HW3aqRjAMVOoJaBR2V6x88EAMYASAAEgJUrvD_BwE&utm_term=pricing 
tools",0,2,0%,23
https://quicklizard.com/de/blog/dehner-case-study/,0,2,0%,39.5
https://quicklizard.com/de/blog/effectively-using-purchased-data/,0,2,0%,52
https://quicklizard.com/de/blog/kategorie/ressourcen-broschure/,0,2,0%,73
"https://quicklizard.com/blog/quicklizard-recognized-as-a-representative-vendor-in-gartner-market-guide-for-retail-uppmo-applications/?utm_medium=ppc&utm_source=adwords&utm_campaign=20758312987&campaignid=20758312987&adgroupid=156999330602&adid=698224779038&matchtype=e&network=g&device=c&keyword=pricing 
tools&gclid=EAIaIQobChMIv7HW3aqRjAMVOoJaBR2V6x88EAMYASAAEgJUrvD_BwE&utm_term=pricing 
tools",0,1,0%,1
https://quicklizard.com/blog/what-is-price-elasticity-of-luxury-goods-in-retail-and-e-commerce,0,1,0%,1
https://quicklizard.com/de/blog/verbesserung-der-gewinne-im-jahr-2020-durch-den-preis/,0,1,0%,1
"https://quicklizard.com/de/blog/wenn-ihre-welt-einen-preis-hat/?utm_medium=ppc&utm_source=adwords&utm_campaign=20758312987&campaignid=20758312987&adgroupid=156999330602&adid=698224779038&matchtype=e&network=g&device=c&keyword=pricing 
tools&gclid=EAIaIQobChMIv7HW3aqRjAMVOoJaBR2V6x88EAMYASAAEgJUrvD_BwE&utm_term=pricing 
tools",0,1,0%,1
https://quicklizard.com/de/blog/winter-bis-fruhling-in-einer-dynamischen-preiswelt/,0,1,0%,1
https://quicklizard.com/en/blog/the-supermarket-pricing-challenge/?utm_campaign=13310734472&campaignid=13310734472&adgroupid=134875972466&adid=611093176788&network=d&device=c&placement=dengi.ua&gclid=EAIaIQobChMIhvXt7uak-QIVWTDgCh27hgt3EAEYASAAEgKvTfD_BwE,0,1,0%,1
https://quicklizard.com/wp-content/uploads/2024/12/Quicklizard-Logo-Square-600px.jpg,0,1,0%,1
https://quicklizard.com/en/blog/dynamic-pricing-and-the-long-tail/?utm_campaign=13310734472&campaignid=13310734472&adgroupid=134875972466&adid=611093176788&network=d&device=c&placement=dengi.ua&gclid=EAIaIQobChMIhvXt7uak-QIVWTDgCh27hgt3EAEYASAAEgKvTfD_BwE,0,1,0%,2
https://quicklizard.com/en/blog/inter-product-relationships/?utm_campaign=13310734472&campaignid=13310734472&adgroupid=134875972466&adid=611093176788&network=d&device=c&placement=dengi.ua&gclid=EAIaIQobChMIhvXt7uak-QIVWTDgCh27hgt3EAEYASAAEgKvTfD_BwE,0,1,0%,2
https://quicklizard.com/wp-content/uploads/2023/05/logo-Quicklizard-1024x179.jpeg,0,1,0%,2
"https://quicklizard.com/en/blog/dynamically-testing-the-pricing-curve/5/?utm_medium=ppc&utm_source=adwords&utm_campaign=20758312987&campaignid=20758312987&adgroupid=156999330602&adid=698224779038&matchtype=e&network=g&device=c&keyword=pricing 
tools&gclid=EAIaIQobChMIv7HW3aqRjAMVOoJaBR2V6x88EAMYASAAEgJUrvD_BwE&utm_term=pricing 
tools",0,1,0%,3
https://quicklizard.com/en/blog/how-can-dynamic-pricing-help-solve-major-pricing-dilemmas/2/,0,1,0%,3
https://quicklizard.com/blog/a-changing-landscape-for-online-players/?utm_campaign=13310734472&campaignid=13310734472&adgroupid=134875972466&adid=611093176788&network=d&device=c&placement=dengi.ua&gclid=EAIaIQobChMIhvXt7uak-QIVWTDgCh27hgt3EAEYASAAEgKvTfD_BwE,0,1,0%,4
https://quicklizard.com/de/blog/uberarbeitung-der-modelle-des-letzten-jahres/,0,1,0%,4
https://quicklizard.com/en/blog/are-the-machines-in-control-of-dynamic-pricing/2/,0,1,0%,5
"https://quicklizard.com/blog/4/?utm_medium=ppc&utm_source=adwords&utm_campaign=20758312987&campaignid=20758312987&adgroupid=156999330602&adid=698224779038&matchtype=e&network=g&device=c&keyword=pricing 
tools&gclid=EAIaIQobChMIv7HW3aqRjAMVOoJaBR2V6x88EAMYASAAEgJUrvD_BwE&utm_term=pricing 
tools",0,1,0%,6
https://quicklizard.com/blog/dynamic-pricing-for-the-ceo/?utm_campaign=13310734472&campaignid=13310734472&adgroupid=134875972466&adid=611093176788&network=d&device=c&placement=dengi.ua&gclid=EAIaIQobChMIhvXt7uak-QIVWTDgCh27hgt3EAEYASAAEgKvTfD_BwE&utm_campaign=13310734472&campaignid=13310734472&adgroupid=134875972466&adid=611093176788&network=d&device=c&placement=dengi.ua&gclid=EAIaIQobChMIhvXt7uak-QIVWTDgCh27hgt3EAEYASAAEgKvTfD_BwE,0,1,0%,6
https://quicklizard.com/de/blog/effektive-nutzung-erworbener-daten/?utm_campaign=13310734472&campaignid=13310734472&adgroupid=134875972466&adid=611093176788&network=d&device=c&placement=dengi.ua&gclid=EAIaIQobChMIhvXt7uak-QIVWTDgCh27hgt3EAEYASAAEgKvTfD_BwE,0,1,0%,6
https://quicklizard.com/de/blog/wie-einzelhandler-die-besonderen-herausforderungen-des-weihnachtsgeschafts-meistern-sollten/,0,1,0%,6
https://quicklizard.com/wp-content/uploads/2021/12/3.png,0,1,0%,6
https://quicklizard.com/de/blog/anwendung-der-theorie-ahnlicher-produkte/4/,0,1,0%,7
https://quicklizard.com/de/blog/dynamic-pricing-and-the-long-tail/?utm_campaign=13310734472&campaignid=13310734472&adgroupid=134875972466&adid=611093176788&network=d&device=c&placement=dengi.ua&gclid=EAIaIQobChMIhvXt7uak-QIVWTDgCh27hgt3EAEYASAAEgKvTfD_BwE,0,1,0%,7
https://quicklizard.com/de/dankeschon/,0,1,0%,7
"https://quicklizard.com/en/blog/author/fabianquicklizard-com/?utm_medium=ppc&utm_source=adwords&utm_campaign=20758312987&campaignid=20758312987&adgroupid=156999330602&adid=698224779038&matchtype=e&network=g&device=c&keyword=pricing 
tools&gclid=EAIaIQobChMIv7HW3aqRjAMVOoJaBR2V6x88EAMYASAAEgJUrvD_BwE&utm_term=pricing 
tools",0,1,0%,7
https://quicklizard.com/de/blog/eine-sich-verandernde-landschaft-fur-online-spieler/,0,1,0%,8
"https://quicklizard.com/de/blog/preisgestaltung-fur-traffic-generatoren-warenkorb-ersteller-und-add-ons/?utm_medium=ppc&utm_source=adwords&utm_campaign=20758312987&campaignid=20758312987&adgroupid=156999330602&adid=698224779038&matchtype=e&network=g&device=c&keyword=pricing 
tools&gclid=EAIaIQobChMIv7HW3aqRjAMVOoJaBR2V6x88EAMYASAAEgJUrvD_BwE&utm_term=pricing 
tools&utm_medium=ppc&utm_source=adwords&utm_campaign=20758312987&campaignid=20758312987&adgroupid=156999330602&adid=698224779038&matchtype=e&network=g&device=c&keyword=pricing 
tools&gclid=EAIaIQobChMIv7HW3aqRjAMVOoJaBR2V6x88EAMYASAAEgJUrvD_BwE&utm_term=pricing 
tools",0,1,0%,8
https://quicklizard.com/en/blog/is-being-the-cheapest-sustainable/2/,0,1,0%,8
"https://quicklizard.com/en/blog/utilizing-similar-products-theory/?utm_medium=ppc&utm_source=adwords&utm_campaign=20758312987&campaignid=20758312987&adgroupid=156999330602&adid=698224779038&matchtype=e&network=g&device=c&keyword=pricing 
tools&gclid=EAIaIQobChMIv7HW3aqRjAMVOoJaBR2V6x88EAMYASAAEgJUrvD_BwE&utm_term=pricing 
tools",0,1,0%,8
https://quicklizard.com/blog/dont-panic-surviving-the-tariff-surge-with-smarter-pricing/?utm_campaign=13310734472&campaignid=13310734472&adgroupid=134875972466&adid=611093176788&network=d&device=c&placement=dengi.ua&gclid=EAIaIQobChMIhvXt7uak-QIVWTDgCh27hgt3EAEYASAAEgKvTfD_BwE,0,1,0%,9
https://quicklizard.com/blog/testing-the-price-of-love/,0,1,0%,9
"https://quicklizard.com/de/blog/kategorie/auszeichnungen-und-zertifizierungen/?utm_medium=ppc&utm_source=adwords&utm_campaign=20758312987&campaignid=20758312987&adgroupid=156999330602&adid=698224779038&matchtype=e&network=g&device=c&keyword=pricing 
tools&gclid=EAIaIQobChMIv7HW3aqRjAMVOoJaBR2V6x88EAMYASAAEgJUrvD_BwE&utm_term=pricing 
tools",0,1,0%,9
"https://quicklizard.com/en/blog/online-travel-agency-case-study/?utm_medium=ppc&utm_source=adwords&utm_campaign=20758312987&campaignid=20758312987&adgroupid=156999330602&adid=698224779038&matchtype=e&network=g&device=c&keyword=pricing 
tools&gclid=EAIaIQobChMIv7HW3aqRjAMVOoJaBR2V6x88EAMYASAAEgJUrvD_BwE&utm_term=pricing 
tools",0,1,0%,9
"https://quicklizard.com/blog/dynamic-pricing-by-geography/?utm_medium=ppc&utm_source=adwords&utm_campaign=20758312987&campaignid=20758312987&adgroupid=156999330602&adid=698224779038&matchtype=e&network=g&device=c&keyword=pricing 
tools&gclid=EAIaIQobChMIv7HW3aqRjAMVOoJaBR2V6x88EAMYASAAEgJUrvD_BwE&utm_term=pricing 
tools",0,1,0%,10
https://quicklizard.com/blog/dynamic-pricing-for-the-ceo/2/,0,1,0%,10
"https://quicklizard.com/de/blog/raumung-uberschussiger-lagerbestande-in-der-weihnachtszeit/5/?utm_medium=ppc&utm_source=adwords&utm_campaign=20758312987&campaignid=20758312987&adgroupid=156999330602&adid=698224779038&matchtype=e&network=g&device=c&keyword=pricing 
tools&gclid=EAIaIQobChMIv7HW3aqRjAMVOoJaBR2V6x88EAMYASAAEgJUrvD_BwE&utm_term=pricing 
tools&utm_medium=ppc&utm_source=adwords&utm_campaign=20758312987&campaignid=20758312987&adgroupid=156999330602&adid=698224779038&matchtype=e&network=g&device=c&keyword=pricing 
tools&gclid=EAIaIQobChMIv7HW3aqRjAMVOoJaBR2V6x88EAMYASAAEgJUrvD_BwE&utm_term=pricing 
tools",0,1,0%,10
https://quicklizard.com/en/blog/how-can-dynamic-pricing-help-solve-major-pricing-dilemmas/3/,0,1,0%,10
https://quicklizard.com/en/blog/retailer-insights-strikethrough-pricing-the-90-day-rule/#elementor-toc__heading-anchor-2,0,1,0%,10
https://quicklizard.com/en/blog/retailer-insights-strikethrough-pricing-the-90-day-rule/#elementor-toc__heading-anchor-4,0,1,0%,10
https://quicklizard.com/de/blog/preisgestaltung-der-nachsten-generation-fuhrt-zu-hoheren-gewinnen-in-den-geschaften/,0,1,0%,12
"https://quicklizard.com/en/blog/how-to-get-started-with-dynamic-pricing/?utm_medium=ppc&utm_source=adwords&utm_campaign=20758312987&campaignid=20758312987&adgroupid=156999330602&adid=698224779038&matchtype=e&network=g&device=c&keyword=pricing 
tools&gclid=EAIaIQobChMIv7HW3aqRjAMVOoJaBR2V6x88EAMYASAAEgJUrvD_BwE&utm_term=pricing 
tools",0,1,0%,12
https://quicklizard.com/en/blog/identifying-data-gaps/?utm_campaign=13310734472&campaignid=13310734472&adgroupid=134875972466&adid=611093176788&network=d&device=c&placement=dengi.ua&gclid=EAIaIQobChMIhvXt7uak-QIVWTDgCh27hgt3EAEYASAAEgKvTfD_BwE,0,1,0%,12
https://quicklizard.com/en/blog/whats-your-holiday-pricing-strategy/?utm_campaign=13310734472&campaignid=13310734472&adgroupid=134875972466&adid=611093176788&network=d&device=c&placement=dengi.ua&gclid=EAIaIQobChMIhvXt7uak-QIVWTDgCh27hgt3EAEYASAAEgKvTfD_BwE,0,1,0%,15
https://quicklizard.com/wp-content/uploads/2025/12/Elkjop-721x1024.png,0,1,0%,15
"https://quicklizard.com/en/blog/black-friday-pricing-during-a-pandemic/4/?utm_medium=ppc&utm_source=adwords&utm_campaign=20758312987&campaignid=20758312987&adgroupid=156999330602&adid=698224779038&matchtype=e&network=g&device=c&keyword=pricing 
tools&gclid=EAIaIQobChMIv7HW3aqRjAMVOoJaBR2V6x88EAMYASAAEgJUrvD_BwE&utm_term=pricing 
tools",0,1,0%,17
"https://quicklizard.com/de/blog/preisgestaltung-fur-traffic-generatoren-warenkorb-ersteller-und-add-ons/?utm_medium=ppc&utm_source=adwords&utm_campaign=20758312987&campaignid=20758312987&adgroupid=156999330602&adid=698224779038&matchtype=e&network=g&device=c&keyword=pricing 
tools&gclid=EAIaIQobChMIv7HW3aqRjAMVOoJaBR2V6x88EAMYASAAEgJUrvD_BwE&utm_term=pricing 
tools",0,1,0%,18
https://quicklizard.com/wp-content/uploads/2023/12/Group-182.png,0,1,0%,18
https://quicklizard.com/blog/increased-competition-on-cyber-monday-2020/5/,0,1,0%,19
https://quicklizard.com/de/blog/die-zunehmende-verlagerung-hin-zu-d2c/,0,1,0%,19
https://quicklizard.com/blog/product-classification/?utm_campaign=13310734472&campaignid=13310734472&adgroupid=134875972466&adid=611093176788&network=d&device=c&placement=dengi.ua&gclid=EAIaIQobChMIhvXt7uak-QIVWTDgCh27hgt3EAEYASAAEgKvTfD_BwE&utm_campaign=13310734472&campaignid=13310734472&adgroupid=134875972466&adid=611093176788&network=d&device=c&placement=dengi.ua&gclid=EAIaIQobChMIhvXt7uak-QIVWTDgCh27hgt3EAEYASAAEgKvTfD_BwE,0,1,0%,22
"https://quicklizard.com/blog/clearing-out-excess-inventory-this-holiday-season/?utm_medium=ppc&utm_source=adwords&utm_campaign=20758312987&campaignid=20758312987&adgroupid=156999330602&adid=698224779038&matchtype=e&network=g&device=c&keyword=pricing 
tools&gclid=EAIaIQobChMIv7HW3aqRjAMVOoJaBR2V6x88EAMYASAAEgJUrvD_BwE&utm_term=pricing 
tools&utm_medium=ppc&utm_source=adwords&utm_campaign=20758312987&campaignid=20758312987&adgroupid=156999330602&adid=698224779038&matchtype=e&network=g&device=c&keyword=pricing 
tools&gclid=EAIaIQobChMIv7HW3aqRjAMVOoJaBR2V6x88EAMYASAAEgJUrvD_BwE&utm_term=pricing 
tools",0,1,0%,25
https://quicklizard.com/wp-content/uploads/2022/01/26-1024x512.png,0,1,0%,25
https://quicklizard.com/wp-content/uploads/2021/12/Picture2.png,0,1,0%,27
https://quicklizard.com/en/blog/how-retailers-should-face-holiday-seasons-unique-challenges/4/,0,1,0%,47
https://quicklizard.com/wp-content/uploads/2026/01/675ab71a613fcb0764b8c5bd_Kk6VxyUqS2_SyZRA4I3pjSAy-j-XJ-mje0vtPgF4v1c-1024x536.jpeg,0,1,0%,47