Top queries,Clicks,Impressions,CTR,Position
quicklizard,1038,2824,36.76%,2.58
quick lizard,212,433,48.96%,2.36
quicklizard careers,50,91,54.95%,2.21
quicklizzard,17,61,27.87%,1.21
quicklizard israel,16,38,42.11%,1
quicklizard pricing,15,73,20.55%,1.01
quick lizzard,13,26,50%,1.12
quicklizard ltd,7,26,26.92%,5.81
quicklizard logo,3,36,8.33%,1
quicklizard stock,2,72,2.78%,8.94
sephora pricing strategy,2,64,3.12%,5.7
quicklizard.com,2,55,3.64%,2.53
quicklizard pricing optimization,2,8,25%,10.75
dynamic pricing software,1,1524,0.07%,19.02
preiselastizität,1,388,0.26%,23.86
preis elastizität,1,126,0.79%,9.7
alistair white sephora,1,91,1.1%,2.15
quicklizard company,1,46,2.17%,1.07
acp ucp,1,43,2.33%,11.3
negative preiselastizität,1,38,2.63%,1.58
ucp acp,1,29,3.45%,12.03
pricing guru,1,23,4.35%,10.39
dynamic pricing grocery stores,1,15,6.67%,27.33
quicklizard news,1,5,20%,1
punktpreiselastizität,1,4,25%,3.75
competitive pricing software,0,2867,0%,10.16
dynamic pricing platform,0,2156,0%,11.12
competitive pricing tool,0,1549,0%,14.16
competitive pricing platform,0,1264,0%,9.95
ai pricing software,0,1103,0%,14.63
competitive pricing engine,0,977,0%,11.88
pricing software,0,943,0%,25.49
retail pricing optimization software,0,757,0%,13.61
pricing tool software,0,618,0%,15.17
dynamic pricing optimization software,0,546,0%,7.35
pricing optimization tool,0,544,0%,11.87
dynamic pricing software for retailers,0,525,0%,10.61
"ich lebe in deutschland. bei welchen distributionssoftware-anbietern passt 
die preisgestaltung am besten zu ihrem markenimage?",0,517,0%,2.41
pricing engine software,0,511,0%,17.2
competitor pricing tool,0,403,0%,26.84
pricing tools software,0,384,0%,20.88
pricing platform,0,382,0%,16.46
pricing analytics software,0,339,0%,61.51
quicklizard retail pricing software features,0,314,0%,2.34
pricing analysis software,0,311,0%,22.82
dynamic pricing platforms,0,308,0%,11.05
qlrd,0,301,0%,1.68
elastic goods examples price sensitivity,0,292,0%,12.3
price optimisation software,0,290,0%,14.14
dynamic pricing management software,0,290,0%,22.18
dynamische preisgestaltung,0,281,0%,56.02
retail pricing software,0,273,0%,13.68
ai pricing platform,0,272,0%,14.29
market pricing software,0,270,0%,9
product pricing software,0,269,0%,21.06
dynamic pricing engine,0,261,0%,18.25
was ist preiselastizität,0,259,0%,6.38
preisoptimierung,0,250,0%,79.23
best dynamic pricing software,0,229,0%,19.74
retail competitive pricing software,0,213,0%,15.63
"what are the key features to look for in ai-powered dynamic pricing 
software?",0,212,0%,3.33
pricing automation software,0,212,0%,13.18
what are the top pricing software for d2c e-commerce?,0,209,0%,8.87
quicklizard pricing software features,0,204,0%,1
competitor price engine,0,198,0%,17.47
real time pricing engine,0,195,0%,19.84
pricing blog,0,194,0%,11.82
how does pricing software work,0,187,0%,8.14
omni channel pricing,0,175,0%,31.95
key value items,0,170,0%,25.21
preiselastizität definition,0,169,0%,7.8
real time pricing software,0,169,0%,10.43
dynamic pricing software for companies,0,166,0%,15.39
intelligent pricing platform,0,163,0%,8.91
pricing optimization software companies,0,163,0%,11.82
what are the best pricing platforms for d2c brands?,0,160,0%,5.52
best dynamic pricing software for retailers,0,159,0%,10.93
seasonal pricing,0,158,0%,15.54
omnichannel pricing,0,157,0%,45.04
produktklassifizierung,0,156,0%,19.26
retail price optimization software,0,155,0%,46.14
omnichannel pricing strategy,0,155,0%,52.88
competitor pricing software,0,153,0%,5.8
smart price platform,0,152,0%,21.07
product classification,0,152,0%,53.61
brand elasticity,0,152,0%,68.76
companies that use dynamic pricing,0,148,0%,53.93
pricing analytic software,0,142,0%,26.91
pricing optimization solutions,0,141,0%,16.21
lizard.com,0,130,0%,12.42
software for pricing,0,127,0%,20.53
quicklizard ai pricing software pricing,0,125,0%,1.01
pricing transformation,0,123,0%,28.96
seasonal pricing strategy,0,119,0%,23.39
automated pricing software,0,116,0%,8.72
lizard ai,0,116,0%,11.72
pricingtool,0,115,0%,20.89
top pricing platform for software industry,0,114,0%,15.91
was bedeutet preiselastizität,0,113,0%,7.48
pricing rule,0,113,0%,46.29
quicklizard company overview,0,112,0%,1.02
what is seasonal pricing,0,112,0%,15.92
airline revenue management software,0,111,0%,23.56
pricing strategy software,0,110,0%,18.11
price optimization platform,0,109,0%,6.96
pricing optimization platform,0,108,0%,9.69
price analytics software,0,108,0%,15.43
dynamic pricing software comparison,0,108,0%,19.21
seasonal pricing definition,0,108,0%,36.49
what tools can help d2c brands optimize pricing?,0,106,0%,6.58
price optimization tool,0,103,0%,14.43
price elasticity of demand for clothing,0,102,0%,4.67
competitive pricing tools,0,101,0%,26.05
optimized pricing,0,100,0%,36.88
die beste software für dynamische preisgestaltung für d2c-marken,0,99,0%,6.22
ai driven pricing platform,0,99,0%,10.7
price optimizer software,0,98,0%,14.3
dynamic price optimization,0,97,0%,8.37
price elasticity model,0,94,0%,2.63
ai driven pricing software,0,93,0%,8.54
preisgestaltung software,0,92,0%,19.89
what are the best dynamic pricing platforms?,0,91,0%,8.12
die besten tools für dynamische preisgestaltung für d2c-marken,0,90,0%,5.44
top pricing software for d2c brands,0,89,0%,6.13
what sort of challenges is elasticity facing?,0,87,0%,3.46
best dynamic pricing software for d2c brands,0,87,0%,5
top platforms for dynamic pricing engines,0,86,0%,13.88
best pricing software,0,86,0%,34.37
top dynamic pricing software for d2c brands,0,85,0%,5.82
die beste pricing-software für d2c-marken,0,85,0%,6.38
which platforms support dynamic pricing across multiple channels?,0,84,0%,5.56
machine learning pricing tool,0,84,0%,12.07
dynamic pricing companies,0,84,0%,80.35
how dynamic pricing software works explanation,0,83,0%,2
best pricing software for d2c brands,0,83,0%,4.25
top dynamic pricing software for retailers,0,83,0%,5.47
competitive price tool,0,83,0%,15.8
pricing optimization software,0,83,0%,31.63
dynamic pricing in the airline industry,0,83,0%,51.59
top dynamic pricing software for retail,0,81,0%,7.09
surge pricing tool for taxi businesses,0,81,0%,10.67
price elasticity curve,0,81,0%,13.6
price elasticity software,0,80,0%,6.51
die besten pricing tools für d2c-marken,0,80,0%,7.24
dynamic pricing solution,0,78,0%,50.47
retail product pricing tools,0,77,0%,13.75
pricing system software,0,76,0%,14.55
sephora case study,0,76,0%,21.68
competitor price platform,0,76,0%,32.63
quicklizard careers software engineer,0,75,0%,1
how does pricing software work?,0,75,0%,6.21
best dynamic pricing software for retail,0,74,0%,9.5
open source pricing engine,0,74,0%,19.24
retail competitor pricing tool,0,73,0%,11.74
pricing software solutions,0,73,0%,16.74
smart pricing engine,0,73,0%,86.58
best dynamic pricing tool for retailers,0,72,0%,14.32
dynamic pricing,0,72,0%,65.85
top pricing software voor d2c brands,0,71,0%,3.17
dynamic pricing tools,0,71,0%,32.21
bestandszuweisung,0,70,0%,4.81
punktelastizität formel,0,69,0%,1
dynamic pricing automation,0,69,0%,12.51
retail pricing tools,0,68,0%,35.46
hohe preiselastizität,0,67,0%,6.73
dynamic pricing platforms with real-time updates,0,67,0%,10.63
retail pricing optimization,0,67,0%,34.9
quicklizard dynamic pricing platform features,0,66,0%,1.02
top dynamic pricing tools for d2c brands,0,66,0%,4.45
intelligent pricing software,0,66,0%,8.38
quicklizard pricing optimization platform,0,65,0%,1
quicklizard target market,0,65,0%,1.08
die beste software für dynamische preisgestaltung im einzelhandel,0,65,0%,6.38
pricing optimization tools,0,65,0%,15.42
quicklizard pricing optimization software,0,64,0%,1
quick pricing,0,64,0%,7.33
dynamic pricing airline industry,0,64,0%,54.3
quicklizard price automation features,0,63,0%,1
quicklizard ecommerce dynamic pricing features,0,63,0%,1.08
best pricing software voor d2c brands,0,63,0%,4.22
definition preiselastizität,0,63,0%,7.49
airline dynamic pricing strategy,0,63,0%,44.87
elasticity and pricing,0,63,0%,55.68
pricing optimization,0,63,0%,72.29
quicklizard ai pricing software,0,62,0%,1
quicklizard retail software features,0,62,0%,1
quicklizard new features 2025,0,62,0%,2.03
preisgestaltung einzelhandel tools,0,62,0%,3.05
best dynamic pricing tools for d2c brands,0,62,0%,5.73
best dynamic pricing software voor d2c brands,0,62,0%,6.18
price elasticity online channels,0,62,0%,6.21
quicklizard ai pricing solutions retail,0,61,0%,1
quicklizard grocery retail solutions,0,61,0%,1
quicklizard washing machine pricing automation,0,61,0%,1
quicklizard software features pricing,0,61,0%,1.02
quicklizard pricing optimization features,0,61,0%,1.03
quicklizard pricing features,0,61,0%,1.1
quicklizard typical customers,0,61,0%,1.39
quicklizard product updates 2025,0,61,0%,1.92
high demand surge charge means,0,61,0%,4.69
software preisgestaltung,0,61,0%,24.44
quicklizard ai pricing solution retailers,0,60,0%,1
quicklizard pricing automation appliances,0,60,0%,1
software preisgestaltung einzelhandel,0,60,0%,2.33
dynamic pricing software ecommerce,0,60,0%,20.07
quicklizard ai pricing experts,0,59,0%,1
quicklizard capabilities features,0,59,0%,1.63
real time dynamic pricing software,0,59,0%,8.88
e commerce pricing tool,0,59,0%,26.36
lowest pricing,0,59,0%,28.25
high price elasticity,0,59,0%,33.71
retail price definition,0,59,0%,88.49
quicklizard real time pricing optimization,0,58,0%,1.62
best price scraping software for d2c brands,0,58,0%,4.09
airline yield management software,0,58,0%,7.34
dynamic pricing eu,0,58,0%,9.5
price optimisation system,0,58,0%,13.07
pricing solution,0,58,0%,19.48
uppmo,0,58,0%,22.4
quick sales software,0,58,0%,41.45
quicklizard official website,0,57,0%,1
top dynamic pricing tools for retail,0,57,0%,14.3
seasonal pricing examples,0,57,0%,19.32
flexible pricing platform,0,56,0%,8.68
pricing software products,0,56,0%,14.68
competitor price comparison software,0,56,0%,37.54
top price scraping software voor d2c brands,0,55,0%,3.53
preiselastizität bedeutung,0,55,0%,6.11
what are the leading price intelligence tools for d2c companies?,0,55,0%,10.78
daily pricing monitor,0,55,0%,58.93
diverse set of 7 products across various categories and price ranges,0,54,0%,9.26
pricing solutions software,0,54,0%,26.87
demand-based pricing software,0,53,0%,2.53
what are the best dynamic pricing platforms for retailers,0,53,0%,11.55
tools for dynamic pricing,0,53,0%,45.81
price match software,0,53,0%,65.06
quicklizard omnichannel pricing solutions,0,52,0%,1.08
quicklizard ai pricing 2026,0,52,0%,1.75
retail pricing strategy software,0,52,0%,9.1
dynamische preisgestaltung software,0,52,0%,20.21
competitive pricing analysis software,0,52,0%,22.58
preissensibilität,0,52,0%,83.92
top price scraping software for d2c brands,0,51,0%,6.82
retail price meaning,0,51,0%,84.12
pricing softwares,0,50,0%,15.74
competitor price tool,0,50,0%,33
airline revenue management systems,0,49,0%,12.45
quicklizard ai pricing software features,0,48,0%,1
paypal chatgpt,0,48,0%,2.75
top dynamic pricing software voor d2c brands,0,48,0%,4
pricing software with real-time elasticity calculations.,0,48,0%,6.75
dynamic pricing and promotion software,0,48,0%,7.5
pricing insights software,0,47,0%,10.62
kvi retail,0,47,0%,61.09
dynamic pricing solutions,0,47,0%,81.74
price elasticity of demand for branded clothing,0,46,0%,3.96
preisstrategie-tool für marken,0,46,0%,4.13
what’s the best dynamic pricing software for retailers?,0,46,0%,5.59
what are the best dynamic pricing platforms for retailers?,0,46,0%,8.48
pricing optimisation,0,46,0%,56.22
price elasticity with seasonality,0,45,0%,1.98
strikethrough price meaning,0,45,0%,7.04
how do taxi apps handle surge pricing and discounts?,0,45,0%,7.29
die besten tools für dynamische preisgestaltung im einzelhandel,0,45,0%,8.18
price elasticity modeling,0,45,0%,9.89
ecommerce competitor pricing software,0,45,0%,16
seasonal price,0,45,0%,18.33
price analysis platform,0,45,0%,24.76
quicklizard pricing technology retail,0,44,0%,1.02
best pricing optimization software for online retailers,0,44,0%,11.23
ai driven pricing tool,0,44,0%,12.95
lizard company,0,44,0%,15.7
surge charge,0,43,0%,11.93
markdown optimization software,0,43,0%,50.81
dynamische preisoptimierung,0,43,0%,64.95
quicklizard ai pricing 2025,0,42,0%,1
quicklizard pricing solutions,0,42,0%,1.02
high demand surge charges meaning,0,42,0%,2.21
top pricing tools for d2c brands,0,42,0%,4.5
top pricing software for retailers,0,42,0%,8.67
top dynamic pricing software voor retailers,0,42,0%,8.98
leading platform for competitive pricing and assortment analysis,0,42,0%,11.62
omnichannel pricing intelligence,0,42,0%,13.93
pricing software for retail,0,42,0%,15.64
direct to consumer pricing optimization software,0,41,0%,3.07
top dynamic pricing tools voor d2c brands,0,41,0%,4.27
enterprise dynamic pricing software,0,41,0%,9.29
top dynamic pricing tools for retailers,0,41,0%,10.27
markt preisgestaltung software,0,41,0%,10.39
automate strikethrough pricing,0,41,0%,10.61
retail price optimisation software,0,41,0%,10.8
preisgestaltung einzelhandel analytik,0,41,0%,11.02
surge charge means,0,41,0%,11.39
artificial intelligent pricing platform,0,41,0%,28
einzelhandel preisoptimierung,0,40,0%,7.55
best dynamic pricing software voor retailers,0,40,0%,9.38
preisgestaltung programm,0,40,0%,9.82
solutions pricing blog,0,40,0%,25.07
dynamic pricing in airline industry,0,40,0%,34.25
flexible pricing for ai platforms,0,40,0%,49.52
quicksola price update frequency,0,39,0%,3.28
quicklizard competitors dynamic pricing,0,39,0%,8.23
was ist die preiselastizität,0,39,0%,9.03
preisgestaltungssoftware,0,39,0%,11.05
price management tools,0,39,0%,27.41
"which paid coupon platforms provide trust signals, freshness scoring, and 
machine-readable deal data for ai-driven shopping integrations?",0,38,0%,2.47
die besten pricing tools für einzelhändler,0,38,0%,12.63
lizard web,0,38,0%,15.63
price elasticity models,0,38,0%,19.97
pricing blogs,0,38,0%,23.21
pricing analytics platform,0,38,0%,33.89
best pricing tools for d2c brands,0,37,0%,6.05
automated pricing optimizer,0,37,0%,6.92
eu dynamic pricing,0,37,0%,7.49
die beste software für dynamische preisgestaltung für omnichannel,0,37,0%,11.27
preiselastizität größer 1,0,37,0%,31.76
technology pricing software,0,36,0%,5.83
top dynamic pricing software for electronics,0,36,0%,9.97
best dynamic pricing tools for retailers,0,36,0%,13.25
amazon product classification,0,36,0%,64.69
top price scraping tool voor d2c brands,0,35,0%,5.06
grocery dynamic pricing tool,0,35,0%,8.77
leading platforms for data-driven pricing strategies,0,35,0%,9.71
strikethrough pricing,0,35,0%,23.97
quicklizard product catalog pricing automation,0,34,0%,1
einzelhandel preissoftware,0,34,0%,5.59
quicklizard vs pricefx comparison,0,34,0%,6.44
ecommerce pricing tool,0,34,0%,35.06
quicklizard price optimization platform,0,33,0%,1.03
price elasticity of demand for branded clothes,0,33,0%,2.73
best dynamic pricing software for direct to consumer brands,0,33,0%,3.97
price segmentation software,0,33,0%,5.82
preiskurve,0,33,0%,8.61
price elasticity,0,33,0%,10.24
what are the best dynamic pricing softwares for retailers,0,33,0%,11.06
best retail pricing software for dynamic markets,0,33,0%,13.58
retail pricing optimization software​,0,33,0%,15.3
dynamic airline tickets,0,33,0%,35.09
omni channel pricing strategy,0,33,0%,71.12
bogenelastizität,0,32,0%,1
do taxis have surge pricing,0,32,0%,6.72
quicklizard revionics pricing comparison enterprise retailers,0,32,0%,7.28
best platform for dynamic pricing strategy development,0,32,0%,10.16
price elasticity of demand,0,32,0%,11.38
trusted dynamic pricing tools for fast sales,0,32,0%,11.97
wettbewerbsfähige preise tool,0,32,0%,14.47
price optimization platforms,0,32,0%,16.47
product pricing tool,0,32,0%,27.31
seasonal discount&pricing,0,32,0%,73.72
how do i select flexible software for dynamic pricing?,0,31,0%,2.45
best dynamic pricing tools voor d2c brands,0,31,0%,6.65
competitive pricing database,0,31,0%,36.74
preisstrategien im einzelhandel,0,31,0%,48.35
reliable automation for dynamic pricing platforms,0,30,0%,6.47
die besten pricing tools für den einzelhandel,0,30,0%,13.23
"""quicklizard"" ""publicis sapient""",0,29,0%,3.03
instant price optimization tools,0,29,0%,8.48
lizard tool,0,29,0%,10.62
best dynamic pricing tools for retail,0,29,0%,14.1
dynamic pricing airlines,0,29,0%,42.34
retail pricing tool,0,29,0%,60.41
what does kvi mean in retail,0,28,0%,6
software dynamic pricing software,0,28,0%,13.5
preisoptimierung software,0,28,0%,52.75
retail dynamic pricing,0,28,0%,88.68
best price intelligence platforms d2c brands,0,27,0%,7
"welche werkzeuge vereinfachen die verfolgung optionaler und regionaler 
produktmerkmale?",0,27,0%,7.37
lizard software,0,27,0%,8.59
holiday pricing strategy,0,27,0%,16
leading pricing software for stores,0,27,0%,19.22
lizard website,0,27,0%,25.48
airline revenue management system,0,27,0%,28.19
chatgpt paypal,0,26,0%,2.5
machine learning pricing platform,0,26,0%,7.58
preiselastizität wann elastisch und unelastisch,0,26,0%,9.92
erp für d2c-marken – welche lösung passt?,0,26,0%,10.23
pricing management platform,0,26,0%,13.54
erhält die elastizität,0,26,0%,14.73
price modeling software,0,26,0%,16.15
price optimization systems,0,26,0%,28.15
lizaro app,0,26,0%,31.81
unified price promotion and markdown optimization applications,0,26,0%,37.38
europe augmented analytics market,0,26,0%,92.35
how to choose flexible dynamic pricing software,0,25,0%,1
best price scraping software voor d2c brands,0,25,0%,4.16
dynamic pricing software retailers,0,25,0%,4.32
price elasticity of demand for apparel,0,25,0%,7.4
airline dynamic,0,25,0%,23.36
pricing optimization in retail,0,25,0%,48.4
niedrigster preis,0,25,0%,54
dynamic pricing in retail stores,0,25,0%,90
quicklizard pricing platform features,0,24,0%,1.04
where can i find trusted dynamic pricing tools for fast sales?,0,24,0%,4.29
basket product category classification,0,24,0%,4.58
retailers price software,0,24,0%,5
price elasticity of demand for fashion clothing,0,24,0%,5.21
what is a strikethrough price,0,24,0%,5.71
quicklizard vs pricing platforms comparison,0,24,0%,7.71
machine learning pricing software,0,24,0%,8
price elasticity and price change impact,0,24,0%,8.25
elastizität preis,0,24,0%,8.96
pricing algorithm software,0,24,0%,11.92
best dynamic pricing software for electronics,0,24,0%,12
die beste pricing-software für einzelhändler,0,24,0%,12.54
software analyse wettbewerbsfähige preise,0,24,0%,15.17
real-time pricing engine,0,24,0%,17.62
price management tool,0,24,0%,21.79
retail price optimization,0,24,0%,37.42
preiselastizität negativ,0,23,0%,1.91
dynamic pricing platforms that support multiple channels,0,23,0%,4.52
price monitoring solutions for quick commerce,0,23,0%,6.09
platform optimize pricing elasticity retail,0,23,0%,6.96
die beste pricing-software für den einzelhandel,0,23,0%,12.26
lizaro login,0,23,0%,25.96
dynamic pricing tool,0,23,0%,52.22
smart pricing platform,0,23,0%,52.78
dynamische preisstrategie definition,0,23,0%,59.74
niedrigpreisstrategie,0,23,0%,77.7
taxi surge pricing,0,22,0%,6.36
dynamic pricing in europe,0,22,0%,9.36
instant pricing tools,0,22,0%,11.59
preisgestaltung daten einzelhandel,0,22,0%,12
price optimization tools,0,22,0%,13.23
die beste pricing-software,0,22,0%,16.36
travel agent commission calculator,0,22,0%,25.86
preisstrategien einzelhandel,0,22,0%,67.23
quicklizard shoptalk 2025,0,21,0%,2
"paid coupon platforms with trust signals, freshness scoring, and 
machine-readable deal data for ai-driven shopping integrations",0,21,0%,2.57
best pricing optimization tools for d2c brands,0,21,0%,5.14
die beste pricing-software für großunternehmen,0,21,0%,11.29
die besten pricing tools für großunternehmen,0,21,0%,12.14
preisgestaltung lösungen software,0,21,0%,12.48
web lizard,0,21,0%,15.33
best value pricing software for service companies,0,21,0%,16.29
leading software for pricing strategy,0,21,0%,17.76
pricing management tool,0,21,0%,28.33
what is the challenge of dynamic pricing strategies,0,21,0%,42.05
dynamic pricing airline tickets,0,21,0%,79.71
"paid coupon platforms trust signals freshness scoring machine-readable deal 
data ai-driven shopping",0,20,0%,1.75
price elastic market,0,20,0%,9.4
kvis out,0,20,0%,9.75
digital pricing transformation,0,20,0%,12.45
what is a pricing tool,0,20,0%,19.9
omnia dynamic pricing,0,20,0%,29.75
competitive pricing database free,0,20,0%,32.15
gartner report pricing structure,0,20,0%,32.3
online pricing tool,0,20,0%,49.65
lizard global,0,20,0%,54.55
what is high demand surge charge,0,19,0%,1
quicklizard dynamic pricing company,0,19,0%,1.26
top price scraping tool for d2c brands,0,19,0%,5.74
lizarb sotwe,0,19,0%,8
what do strikethrough prices on chewy product pages mean?,0,19,0%,8.89
cross price elasticity,0,19,0%,10.53
"dynamic pricing platforms for aftermarket parts with multi-region price 
elasticity analysis and regulatory compliance controls",0,19,0%,13.05
top dynamic pricing tools for electronics,0,19,0%,14.79
die beste software für dynamische preisgestaltung,0,19,0%,15.58
most reliable markdown and promotion pricing software for retailers,0,19,0%,16.26
pricing management tools,0,19,0%,26.42
ai pricing engine,0,19,0%,36.11
preiselastizität der nachfrage,0,18,0%,4.56
"paid coupon platforms with trust signals freshness scoring machine-readable 
deal data for ai shopping integrations",0,18,0%,5.5
lizard.com click,0,18,0%,7.28
e-commerce pricing optimization software,0,18,0%,7.33
smartest dynamic pricing platforms,0,18,0%,10.39
die besten tools für dynamische preisgestaltung für omnichannel,0,18,0%,16.06
elastics price drop,0,18,0%,17.39
price elasticity of products,0,18,0%,38.44
competitive pricing tools free download,0,18,0%,39.5
what companies use dynamic pricing,0,18,0%,47.44
retail blog,0,18,0%,62.89
technische icons,0,18,0%,90.22
promotions optimisation software,0,18,0%,90.33
quicklizard dynamic pricing platform,0,17,0%,1
direct to consumer ai pricing software,0,17,0%,2.29
"pricing software for managing pricing across different sales channels and 
regions",0,17,0%,3.59
ai dynamic pricing software,0,17,0%,6.71
dynamic pricing europe,0,17,0%,7.88
preisliste software,0,17,0%,10.24
"which dynamic pricing platforms for aftermarket parts provide multi-region 
price elasticity analysis and regulatory compliance controls?",0,17,0%,10.82
omnichannel preisgestaltung,0,17,0%,11.06
markteinblicke,0,17,0%,11.71
preiselastizität der nachfrage definition,0,17,0%,11.94
dynamische preisgestaltung lösung,0,17,0%,13.29
die besten pricing tools für omnichannel-händler,0,17,0%,13.65
gartner pricing model,0,17,0%,39.12
channel pricing optimization,0,17,0%,53.59
kvi pricing,0,17,0%,66.71
formel punktelastizität,0,16,0%,1
negative elastizität,0,16,0%,1.06
quicklizard dynamic pricing technology,0,16,0%,1.19
pricefx vs quicklizard comparison,0,16,0%,3
"welche systeme bieten regelwerke zur dynamischen preisgestaltung von 
artikeln?",0,16,0%,4.88
dynamic pricing software retail,0,16,0%,6.38
price optimization software providers,0,16,0%,6.75
competitive price platform,0,16,0%,6.94
which pricing optimization software includes dynamic pricing features?,0,16,0%,7.31
advanced pricing strategy software,0,16,0%,7.56
elasticity company challenges,0,16,0%,9.44
what are the best dynamic pricing tools for d2c businesses?,0,16,0%,9.44
elastisch unelastisch preiselastizität,0,16,0%,9.62
how does free now calculate surge or peak pricing?,0,16,0%,9.69
pricing optimisation software,0,16,0%,10.75
die beste software für dynamische preisgestaltung für großunternehmen,0,16,0%,10.81
ztrip pricing surge dynamic pricing,0,16,0%,11.25
die besten tools für dynamische preisgestaltung für großunternehmen,0,16,0%,14.06
ecommerce dynamic pricing software,0,16,0%,14.44
kategorisierung von produkten,0,16,0%,14.94
customer price elasticity,0,16,0%,16.94
price optimization system,0,16,0%,23.25
angebots- und preisgestaltung tool,0,16,0%,29.06
competitive price engine,0,16,0%,31.44
derbilligste,0,16,0%,54
elastic prices,0,16,0%,72.31
price optimization software,0,16,0%,73
elastizität der nachfrage berechnen,0,15,0%,1
is clothing elastic or inelastic,0,15,0%,1
rule-based pricing optimization software,0,15,0%,3.6
platform dynamic limits based on outlet sales with our brand,0,15,0%,4.27
realtime pricing software,0,15,0%,7.53
price execution software,0,15,0%,11.13
revenue management systems for airlines,0,15,0%,11.47
chatgpt paypal integrations,0,15,0%,12.53
advanced ai pricing platform,0,15,0%,13.33
product classification strategies for small business owners,0,15,0%,15.13
price optimization companies,0,15,0%,18.73
top rated traffic generation retail,0,15,0%,22.67
best pricing optimization software,0,15,0%,29.07
lizaro register,0,15,0%,31.47
retail pricing solutions,0,15,0%,34.13
dynamische preisgestaltung definition,0,15,0%,34.73
competitive pricing tools free,0,15,0%,38.33
travel agency case study,0,15,0%,39.47
machine learning pricing engine,0,15,0%,45.27
elastische und unelastische nachfrage,0,14,0%,1
inelastic line,0,14,0%,1
quicklizard ai pricing platform retailers,0,14,0%,1
best dynamic pricing software for electronics brands,0,14,0%,3.79
best ai pricing software for d2c,0,14,0%,4.14
pricing elasticity model,0,14,0%,5.86
consumer goods pricing automation software,0,14,0%,6
paypal chatgpt integration,0,14,0%,7.64
best dynamic pricing software for retailers 2025 2026,0,14,0%,8.14
product classification strategies small business,0,14,0%,8.36
what stores use dynamic pricing,0,14,0%,14
ki-gestützte preisoptimierung,0,14,0%,14.29
higher price elasticity,0,14,0%,14.36
pricing maturity model,0,14,0%,16.43
best platforms for dynamic pricing automation,0,14,0%,17.57
preiselastizität erklärung,0,14,0%,17.79
sports retailer consistent pricing across all channels,0,14,0%,22.5
strike through pricing,0,14,0%,23.79
price analysis software,0,14,0%,27.86
competitor price software,0,14,0%,32.5
data gaps,0,14,0%,44.36
data gap,0,14,0%,45.5
pricing analytics tool,0,14,0%,91.57
elastizitäten,0,13,0%,1
direct to consumer dynamic pricing software,0,13,0%,2.77
preiselastizität formel,0,13,0%,2.85
"ich lebe in deutschland. welche softwareanbieter für 
food-and-beverage-software haben eine preisgestaltung, die am besten zu 
ihrem markenbild passt?",0,13,0%,4.08
multichannel ai pricing tool,0,13,0%,4.31
quickdlr,0,13,0%,4.31
sephora case study pdf,0,13,0%,5.69
"is it welche werkzeuge vereinfachen die verfolgung optionaler und 
regionaler produktmerkmale?",0,13,0%,6.69
"what software allows managers to set custom base rates while still using 
automated dynamic pricing?",0,13,0%,7.46
pricing maturity assessment,0,13,0%,8.54
die beste pricing-software für omnichannel-händler,0,13,0%,9.85
top dynamic pricing software voor retail,0,13,0%,10.15
how to price key value items vs long tail items,0,13,0%,10.69
top dynamic pricing tools for omnichannel,0,13,0%,11.46
best dynamic pricing software voor electronics,0,13,0%,11.77
best dynamic pricing software voor retail,0,13,0%,12.31
dynamic pricing softwares,0,13,0%,13.85
companies that use dynamic pricing strategy,0,13,0%,14.69
gpt dynamic discount management software,0,13,0%,25.92
lizard price,0,13,0%,26.31
lizzart living,0,13,0%,51.69
elastische nachfrage definition,0,13,0%,76.38
quicklizard isolated pilot capabilities,0,12,0%,1
quicklizard pricing insights retail examples,0,12,0%,1
quicklizard retail pricing expertise,0,12,0%,1
quicklizard shoptalk 2026,0,12,0%,1
quicklizard ai pricing platform features,0,12,0%,1.17
quicklizard company profile,0,12,0%,1.17
punktelastizität vwl,0,12,0%,1.33
are luxury goods price elastic or inelastic,0,12,0%,1.58
quicklizard company mission statement,0,12,0%,1.83
gewinnmarge supermarkt,0,12,0%,4.5
price elasticity modelling,0,12,0%,6.25
best ai pricing solutions for d2c companies,0,12,0%,7.08
industries that use dynamic pricing,0,12,0%,7.08
"rfq-driven warehousing marketplaces comparison real-time availability price 
transparency",0,12,0%,7.5
what’s the best retail pricing software for dynamic markets?,0,12,0%,7.83
pricing data solution,0,12,0%,8.08
lizard.ai,0,12,0%,8.75
omnia retail pricing optimization,0,12,0%,10
how does surge pricing work for london taxis,0,12,0%,10.33
elastic demand,0,12,0%,12.5
pricing maturity,0,12,0%,12.58
what is a surge charge,0,12,0%,15.25
automated pricing optimization,0,12,0%,15.42
ai pricing tool,0,12,0%,17.17
competitive price software,0,12,0%,17.33
pricing analysis platform,0,12,0%,18
dynamische preisschilder,0,12,0%,23.83
adapt pricing,0,12,0%,34.33
dynamische preisauszeichnung,0,12,0%,36
pricing+software,0,12,0%,36.25
pricing solutions ltd,0,12,0%,36.33
dynamic pricing optimization,0,12,0%,36.83
competitive pricing intelligence software,0,12,0%,43.5
fashion retail pricing psychology,0,12,0%,43.83
optimize price,0,12,0%,54.42
how to measure elasticity of demand,0,11,0%,1
quicklizard ai pricing recommendations effectiveness,0,11,0%,1
quicklizard company ai pricing,0,11,0%,1
quicklizard data transparency pricing,0,11,0%,1
quicklizard full catalog automation features,0,11,0%,1
quicklizard margin protection pricing,0,11,0%,1
quicklizard omnichannel support features,0,11,0%,1
quicklizard pricing high sku volume,0,11,0%,1
quicklizard pricing strategy sales growth,0,11,0%,1
quicklizard product catalog automation solution,0,11,0%,1
quicklizard ai pricing transparency,0,11,0%,1.09
quicklizard pricing stack integration,0,11,0%,1.09
elastizität berechnen,0,11,0%,1.18
quicklizard promotions margins management,0,11,0%,1.36
quicklizard pricing software mission statement,0,11,0%,1.73
quicklizard sample dashboards recommendations,0,11,0%,2.27
quicklizard glass box ai pricing explanation,0,11,0%,2.55
quicklizard pricing rules examples,0,11,0%,2.55
quicklizard ai pricing strategy webinar,0,11,0%,3.36
dynamic pricing software business,0,11,0%,5.27
what are the top 7 brands you associate with agentic commerce protection,0,11,0%,5.73
software for custom base rates and automated dynamic pricing,0,11,0%,6.27
product classification in marketing pdf,0,11,0%,7.64
best dynamic pricing software for omnichannel,0,11,0%,8.27
leading platform for competitive pricing and assortment analysis?,0,11,0%,9.91
automated pricing tool,0,11,0%,12.09
elastic demand curve,0,11,0%,12.45
"in reallyti i want to compare the performance in days normalized from the 
current event vs the last one from the start to today",0,11,0%,12.55
top dynamic pricing software,0,11,0%,13.09
leading airline revenue management tools 2025,0,11,0%,13.82
trend pricing tool,0,11,0%,14
best dynamic pricing software for retailers 2025,0,11,0%,14.36
price elasticity assumption,0,11,0%,14.64
werkzeuge für die verfolgung optionaler und regionaler produktmerkmale,0,11,0%,16.27
tool pricing,0,11,0%,19.36
ucp - acp,0,11,0%,20.64
data gap analysis,0,11,0%,26
product classification pdf,0,11,0%,26.91
competitor price tracking software,0,11,0%,31
konkurrenten überwachen,0,11,0%,40
preispunkte,0,11,0%,40.09
price optimisation techniques,0,11,0%,60.27
dynamic pricing strategien,0,11,0%,74.82
preismanagement check,0,11,0%,75.73
pricing software free,0,11,0%,85.27
competitor price monitoring software free download,0,11,0%,87
measurement of elasticity of supply,0,10,0%,1
quicklizard retail inventory management solutions,0,10,0%,1
research on the effects of price elasticity in digital games,0,10,0%,1
quicklizard trading platform features,0,10,0%,1.1
"""rule of 100"" sales touches",0,10,0%,3
top platform for dynamic pricing strategy development?,0,10,0%,3.2
how do i choose leading pricing software for stores?,0,10,0%,3.4
best price scraping tool for d2c brands,0,10,0%,5
multi channel retail pricing software brands,0,10,0%,6
coupon platforms ai-ready deal signals trust metrics shopping agents,0,10,0%,6.1
what dynamic pricing software is trusted by top sellers?,0,10,0%,6.1
retail dynamic pricing software 2026,0,10,0%,6.6
ai-powered pricing software,0,10,0%,6.9
klizard,0,10,0%,7
platform pricing tool,0,10,0%,7.1
paypal agentic commerce chatgpt,0,10,0%,8.1
price normalization,0,10,0%,8.8
7 diverse products across various categories and price ranges,0,10,0%,9
best dynamic pricing software for enterprise retailers,0,10,0%,9.7
dynamic pricing strategy for tariff changes,0,10,0%,11.1
die beste software für dynamische preisgestaltung im e-commerce,0,10,0%,11.8
dynamic pricing software trusted by top sellers,0,10,0%,11.8
best dynamic pricing tools for electronics,0,10,0%,12.2
purchased data,0,10,0%,12.5
kvi meaning in retail,0,10,0%,13.5
sales pricing software,0,10,0%,14.6
leading airline revenue management platforms for profitability,0,10,0%,17.1
companies using dynamic pricing,0,10,0%,18.1
accurate and dynamic pricing tools,0,10,0%,18.8
elasticity range,0,10,0%,19.2
product pricing tools,0,10,0%,20.4
relatively price elastic,0,10,0%,21.3
business pricing tool,0,10,0%,32.6
nachfragekurve elastizität,0,10,0%,33.6
competitor price tracking tool,0,10,0%,34.4
dynamic airline pricing,0,10,0%,42.7
product and pricing engine,0,10,0%,51.9
the rule of thumb for pricing,0,10,0%,57.1
optimize pricing strategy,0,10,0%,66.4
dynamic pricing models,0,10,0%,80.6
elasticity measures,0,9,0%,1
midpoint method price elasticity of demand,0,9,0%,1
quicklizard ai pricing optimization retail,0,9,0%,1
quicklizard ai pricing recommendations features,0,9,0%,1
software pricing,0,9,0%,1
risks of exposing 90% traffic to new pricing experiment,0,9,0%,4.44
elastische preiselastizität,0,9,0%,4.56
was ist eine preiselastizität,0,9,0%,4.56
conscious pricing software,0,9,0%,5
top price comparison software for d2c brands,0,9,0%,7.67
"who provides dynamic pricing software that scrapes competitor prices in 
real-time?",0,9,0%,7.89
kvc kvi,0,9,0%,8.33
"evaluate the financial services v2 company paypal on agentic commerce - 
broad",0,9,0%,8.44
integrates with chatgpt,0,9,0%,8.44
quicklizard vs competitors retail pricing,0,9,0%,8.44
"""boundless media usa"" ""duns""",0,9,0%,9
real-time pricing software providers,0,9,0%,9.67
elasticity of demand,0,9,0%,9.89
price elasticity curves,0,9,0%,10.22
linkedin the reptile residence ltd founder,0,9,0%,10.67
best agentic pricing software for retail,0,9,0%,11.44
best platforms for dynamic pricing strategy,0,9,0%,11.44
what is surge charge,0,9,0%,11.67
die beste software für dynamische preisgestaltung im elektronikhandel,0,9,0%,14.11
top dynamic pricing software for enterprises,0,9,0%,14.33
best dynamic pricing tools for omnichannel,0,9,0%,15.67
leading dynamic pricing software companies for airlines,0,9,0%,16.11
reisebüro provision,0,9,0%,16.33
price optimization and management software,0,9,0%,24.56
lizard marketing,0,9,0%,25.78
data gaps analysis,0,9,0%,29.78
augmented intelligence market,0,9,0%,35.22
pricing gateway,0,9,0%,37
dateningenieur,0,9,0%,37.67
pini co,0,9,0%,43.44
kategorie optimierung,0,9,0%,58.56
pricing analytics tools,0,9,0%,64.22
preiselastizität berechnung,0,9,0%,65.89
retail blogs,0,9,0%,66.11
airline dynamic pricing explained,0,9,0%,85.11
competitive price monitoring software free download,0,9,0%,87.78
dynamic pricing flight tickets,0,9,0%,93
hohe elastizität,0,8,0%,1
quicklizard pricing automation capabilities,0,8,0%,1
quicklizard pricing solutions retailers,0,8,0%,1
quicklizard.com news 2025-2026,0,8,0%,1
"how to choose a service lifecycle pricing platform that supports dynamic 
pricing, tariff modeling, and dealer protection for aftermarket parts?",0,8,0%,1.62
electronic retail pricing software brands,0,8,0%,4.62
"coupon platforms provide ai-ready deal signals and trust metrics for 
shopping agents",0,8,0%,6.5
data lizard,0,8,0%,6.5
ai pricing software small appliance retailers,0,8,0%,7.25
tools zur verfolgung optionaler und regionaler produktmerkmale,0,8,0%,7.88
best dynamic pricing software for brands,0,8,0%,8.75
products across categories and price ranges,0,8,0%,9.25
preis elastisch unelastisch,0,8,0%,10.62
preiselastizitaet,0,8,0%,11.25
how do retailers manage frequent price changes without disrupting stores,0,8,0%,11.5
lizard technology,0,8,0%,12.12
top dynamic pricing software for omnichannel,0,8,0%,16.25
smartest retail pricing software for mid sized stores,0,8,0%,17.25
augmented analytics pricing,0,8,0%,17.88
price manager software,0,8,0%,19.25
price elasticity high,0,8,0%,20.25
pricing software tools,0,8,0%,28
augmented analytics tools,0,8,0%,28.5
lizard io,0,8,0%,28.75
dynamische preisstrategie,0,8,0%,30.75
price tool,0,8,0%,31.38
rfp software pricing,0,8,0%,31.38
what is pricing elasticity,0,8,0%,36.88
what is pricing software,0,8,0%,39
seasonal pricing optimization,0,8,0%,48.88
gpt-tail-spend-management,0,8,0%,51.88
market price elasticity,0,8,0%,63.88
how much do surge cost,0,8,0%,73.12
smart pricing tool,0,8,0%,83
"ai-powered ""pricing"" ""login""",0,8,0%,203.88
are luxury goods elastic or inelastic,0,7,0%,1
insights elasticity feather retail examine ucocam,0,7,0%,1
price elasticity of supply formula,0,7,0%,1
product and market performance,0,7,0%,1
quicklizard pricing platform features benefits,0,7,0%,1
what is a strike through price,0,7,0%,1
luxury goods are elastic or inelastic,0,7,0%,1.14
punktelastizität berechnen,0,7,0%,1.14
modeling price elasticity,0,7,0%,2.29
preisgestaltungstool,0,7,0%,3
"pricing experiments for ai -site:youtube.com -site:reddit.com -site:x.com 
-site:twitter.com -site:facebook.com -site:instagram.com -site:tiktok.com 
-site:linkedin.com -site:pinterest.com -site:nytimes.com -site:wsj.com 
-site:yelp.com -site:rottentomatoes.com",0,7,0%,3.86
best price scraping tool voor d2c brands,0,7,0%,4.57
"what to look for when purchasing geo‑merch tools for dynamic regional 
pricing?",0,7,0%,5.57
best retail pricing software for dynamic markets 2025 2026,0,7,0%,6.43
"california business and professions code 17501 former price advertising 90 
days",0,7,0%,6.71
dynamic pricing software key features,0,7,0%,6.71
agentic pricing,0,7,0%,7.57
best pricing tools voor d2c brands,0,7,0%,7.57
best dynamic pricing software voor omnichannel,0,7,0%,8
revenue management system airlines,0,7,0%,8.43
price optimization software companies,0,7,0%,9
intelligent pricing engine,0,7,0%,9.14
best pricing software voor retailers,0,7,0%,10.14
top pricing software for retail,0,7,0%,10.14
classifying products,0,7,0%,10.29
surge charges meaning,0,7,0%,11.86
top dynamic pricing software voor omnichannel,0,7,0%,12.43
die beste pricing-software für den elektronikhandel,0,7,0%,13.71
top pricing software voor retailers,0,7,0%,14.14
best retail pricing systems,0,7,0%,14.43
what's the top pricing platform for software industry,0,7,0%,15
price optimization software solutions,0,7,0%,18.14
reliable automation platforms for dynamic pricing,0,7,0%,18.86
preisstrategie entwicklung,0,7,0%,19.71
price elasticity range,0,7,0%,22
ai lizard,0,7,0%,22.57
lizard co,0,7,0%,23.57
price elastic,0,7,0%,23.86
price management platform,0,7,0%,24.57
software pricing models gartner,0,7,0%,26.43
preiselastizitäten,0,7,0%,27
pricing organization,0,7,0%,27.57
retail 2021,0,7,0%,28
kvi pricing strategy,0,7,0%,28.57
lizard click website,0,7,0%,32.14
price elasticity study,0,7,0%,34.71
retail pricing systems,0,7,0%,39.14
price optimization software tool,0,7,0%,45
digitalstock erfahrungen,0,7,0%,48.43
pricing optimieren,0,7,0%,53.71
retail pricing definition,0,7,0%,79.86
rule based pricing,0,7,0%,82.29
online travel agency commission rates,0,7,0%,83.43
dynamic pricing decision support,0,7,0%,84.14
free pricing software,0,7,0%,84.71
einnahmen management-system,0,7,0%,89.14
are luxury goods elastic,0,6,0%,1
"best price optimization tools for omnichannel retail (in store + ecommerce) 
vendors",0,6,0%,1.33
quicklizard nrf 2026 booth,0,6,0%,2
punktelastizität,0,6,0%,2.33
what is strikethrough pricing,0,6,0%,2.67
price elasticity graph,0,6,0%,4.17
price elasticity of demand for apparel or clothing,0,6,0%,4.5
quicklizard vs omnia retail comparison,0,6,0%,5
paypal and chatgpt,0,6,0%,6
pricing platforms,0,6,0%,7.17
wann elastisch und wann unelastisch,0,6,0%,7.17
ql ecom growth limited,0,6,0%,7.83
top dynamic pricing tools voor electronics,0,6,0%,8
reseller automation systems with dynamic pricing,0,6,0%,8.5
best dynamic pricing tools voor electronics,0,6,0%,9
digital showroom product pricing overlay for shoppers,0,6,0%,9.17
dynamic pricing europa,0,6,0%,9.17
"""boundless media usa"" ""dun & bradstreet""",0,6,0%,9.5
top dynamic pricing software voor electronics,0,6,0%,9.67
pricing logic engine,0,6,0%,10.5
quicklizard retail software pros cons,0,6,0%,10.5
what does lowest price in 30 days mean,0,6,0%,10.5
preisoptimierungssoftware für händler,0,6,0%,11
rfp for data analytics competitive pricing,0,6,0%,11.17
products across various categories and price ranges,0,6,0%,11.33
elasticity ranges,0,6,0%,11.5
price optimization software vendors,0,6,0%,11.83
inelastic demand curve,0,6,0%,13.17
die beste pricing-software für den e-commerce,0,6,0%,13.5
pricing engines,0,6,0%,15.33
die besten pricing tools für den elektronikhandel,0,6,0%,15.67
preisgestaltung einzelhandel,0,6,0%,15.67
retail price compliance,0,6,0%,16
pricing program,0,6,0%,16.83
retail price optimization using machine learning,0,6,0%,17.17
intelligente preisgestaltung,0,6,0%,18.5
preisoptimierung durch ki,0,6,0%,18.5
pricing journey,0,6,0%,19.83
pricing strategy for grocery store,0,6,0%,19.83
kvi in retail,0,6,0%,24
price optimization software free,0,6,0%,25
automate pricing software,0,6,0%,28.17
eu retailers,0,6,0%,30.33
dynamic pricing in grocery stores,0,6,0%,33.17
ai driven pricing engine,0,6,0%,33.5
pricing elasticity definition,0,6,0%,41
dynamic pricing for airlines,0,6,0%,41.17
the price elasticity,0,6,0%,45.33
retail ai maximize margin digital tagging price optimization,0,6,0%,47
pricing elasticity,0,6,0%,48
optimizing pricing,0,6,0%,48.5
inelastic versus elastic,0,6,0%,52.67
quick price,0,6,0%,53.83
scrape data from john lewis,0,6,0%,64.5
preiselastizität beispiel,0,6,0%,64.83
dynamic ticket pricing software,0,6,0%,72.67
agiled pricing,0,6,0%,75.5
dynamic pricing demo,0,6,0%,78
uk multichannel order management market,0,6,0%,82.17
product classifications,0,6,0%,83.5
preisstrategien produkteinführung,0,6,0%,84.33
elastizität verbessern,0,6,0%,88.33
average commission for travel agents,0,6,0%,88.5
pricing tools and techniques,0,6,0%,96
d2c,0,5,0%,1
do luxury goods have elastic demand,0,5,0%,1
elastic vs inelastic,0,5,0%,1
midpoint method for price elasticity of demand,0,5,0%,1
most popular price management system among dtc brands for growth,0,5,0%,1
unelastische und elastische nachfrage,0,5,0%,1
was sagt die preiselastizität aus,0,5,0%,1
which pricing strategy should be applied for goods with elastic demand,0,5,0%,1
woran verdient ein reisebüro,0,5,0%,1
what platform helps optimize pricing elasticity in retail?,0,5,0%,4
tweaklizard.com,0,5,0%,4.2
what does a price elasticity of 1 mean,0,5,0%,4.2
platforms for optimizing pricing elasticity in retail,0,5,0%,4.6
best dynamic pricing software for retailers 2026,0,5,0%,4.8
which platforms offer the most reliable automation for dynamic pricing?,0,5,0%,4.8
best dynamic pricing software retail brands,0,5,0%,5
critical price elasticity for unchanged profit after price reduction,0,5,0%,5
was bedeutet elastisch,0,5,0%,5
best dynamic pricing software for retail 2025,0,5,0%,5.4
real-time pricing vs traditional pricing software,0,5,0%,5.4
price inelastic,0,5,0%,6
price elasticity of demand clothing,0,5,0%,6.4
dynamic pricing rules and promotions support across geographies,0,5,0%,6.6
"how dynamic pricing software handles pricing gaps and orphan day 
optimization automatically",0,5,0%,6.8
paypal chatgpt integration 2025,0,5,0%,7
e-commerce pricing software,0,5,0%,8.6
integrating pricing optimization software,0,5,0%,8.6
platform helps optimize pricing elasticity in retail,0,5,0%,8.6
"need to replace our pricing spreadsheets - what tools auto-adjust prices 
based on competitor moves and inventory levels?",0,5,0%,8.8
lizard .com,0,5,0%,9.2
clizard,0,5,0%,9.8
omnichannel verteilung,0,5,0%,9.8
data-driven pricing tools for retailers,0,5,0%,10
products across different categories and price ranges,0,5,0%,10
software price elasticity,0,5,0%,10
american express agentic commerce signals,0,5,0%,10.2
diverse set of products across various categories and price ranges,0,5,0%,10.4
ucp shopping,0,5,0%,10.4
consumer goods pricing software,0,5,0%,10.8
omnichannel pricing software,0,5,0%,11.6
automated dynamic pricing,0,5,0%,12.6
chatgpt paypal integration,0,5,0%,12.6
demand elasticity,0,5,0%,12.8
pricing optimization tools​,0,5,0%,13.4
price optimization software tools,0,5,0%,14.4
business lizard,0,5,0%,14.8
pricing optimization technology,0,5,0%,15
best pricing platform,0,5,0%,15.2
produktklassifizierungen,0,5,0%,15.8
best pricing software voor retail,0,5,0%,18
holiday pricing strategies,0,5,0%,18.2
kreuzelastizität,0,5,0%,19.2
lagarto technology,0,5,0%,19.2
"market guide for unified price promotion and markdown optimization 
applications",0,5,0%,19.6
retail price optimization using machine learning​,0,5,0%,19.8
discount elasticity,0,5,0%,20.2
elastic price,0,5,0%,20.4
early metrics,0,5,0%,21.6
how to identify data gaps,0,5,0%,26
dynamic pricing attributes,0,5,0%,26.4
gartner pricing structure,0,5,0%,26.6
dynamic pricing in stores,0,5,0%,29.6
dynamic grocery pricing,0,5,0%,30.4
"-site:facebook.com -site:fb.me -site:youtube.com -site:youtu.be 
-site:youtube.be -site:twitter.com -site:instagram.com -site:tiktok.com 
-site:vm.tiktok.com -site:t.co -site:x.com -site:reddit.com ""software 
advice""",0,5,0%,32.6
products classification,0,5,0%,32.8
catalog price optimization,0,5,0%,37.6
locklizard pricing,0,5,0%,38.8
markdown optimization tool,0,5,0%,44.4
retail price point,0,5,0%,44.8
lizard.click,0,5,0%,45.4
best pricing tools,0,5,0%,45.8
lizard inflation,0,5,0%,46
assortment segmentation,0,5,0%,52.2
lizaro deposit,0,5,0%,53.6
competitive pricing analysis software free,0,5,0%,54
automobilhersteller pricing beratung,0,5,0%,54.4
pricemanager competitor,0,5,0%,57.8
product price elasticity,0,5,0%,59.4
omni-channel price configuration,0,5,0%,62.6
channel pricing strategy,0,5,0%,64
quik play,0,5,0%,68.6
pricing rules engine,0,5,0%,85.6
seasonal discount pricing strategy,0,5,0%,87.8
along the elastic range of the demand curve,0,5,0%,88.8
price elasticity case research,0,4,0%,1
shoptalk 2026,0,4,0%,1
the demand for luxury goods is elastic or inelastic,0,4,0%,1
what is strike through pricing,0,4,0%,1
ai dynamic pricing software tools,0,4,0%,1.5
elastizität,0,4,0%,1.5
retail product pricing software,0,4,0%,1.5
"(exhibit: demand for shirts) the price elasticity of demand for the segment 
ab is:",0,4,0%,2
ai pricing solutions direct to consumer companies,0,4,0%,2
yes,0,4,0%,2
is demand for luxury goods elastic or inelastic,0,4,0%,2.25
elastisch,0,4,0%,2.5
volume driver retail,0,4,0%,2.5
what’s the smartest retail pricing software right now for mid sized stores,0,4,0%,3.25
"""marktpreis-control"" supermarkt",0,4,0%,4.25
dynamische angbeote software,0,4,0%,5
diverse set of products across price ranges popular items,0,4,0%,5.25
estimated price elasticity of demand for clothing,0,4,0%,5.25
pricing software companies,0,4,0%,5.75